Month,Week,Campaign,Campaign ID,Device,Creative Type,Placement,Site (Placement),F9,F10,F11,F12,Platform,Site Served,F15,Target Type,F17,F18,F19,F20,HPTO,Audience Target,F23,F24,F25,Placement ID,Creative,F28,Nameplate,Trim,CW,Lifestyle,Retail Type,Message Type,Message,F36,F37,ENG,Creative Version,Video Length,Creative ID,Creative Size,Impressions,Clicks,Total Outcomes,Total View Through Outcomes,Total Click Through Outcomes,Key Buying Activities,View Through KBAs,Click Through KBAs,Key Engagement Activities,View Through KEAs,Click Through KEAs,Rich Media Impressions,Interactive Impressions,Expansions,Video Plays,VIdeo Completions
2016-01-01,2016-01-03,CVN/CS/660_Chevrolet Division_Chevy Silverado_Durable and Trusted Digital_BPR_USA_GNM_2016,9321870,Desktop,Image,AccuWeather_Silverado 1500_PMP Accuweather ATF ROS   M 25-54_160 x 600_In-Banner Standard_Desktop_TPS_17_GACBT_1_0_N/A_VAR_SP_AccuWeather | PMP_N/A_24_P6Z85Z,AccuWeather,Silverado 1500,PMP Accuweather ATF ROS   M 25-54,160 x 600,In-Banner Standard,Desktop,TPS,17,GACBT,1,0,N/A,VAR,SP,AccuWeather | PMP,N/A,24,P6Z85Z,126892759,2016_Silverado 1500__CW_LS__Intro_MDLL_Static_US_ENG_v1_160x600,2016,Silverado 1500,,CW,LS,,Intro,MDLL,Static,US,ENG,v1,160x600,68189415,160 x 600,0,0,0,0,0,0,0,0,0,0,0,0,0,0,0,0
2016-01-01,2016-01-03,CVN/CS/660_Chevrolet Division_Chevy Silverado_Durable and Trusted Digital_BPR_USA_GNM_2016,9321870,Desktop,Image,AccuWeather_Silverado 1500_PMP Accuweather ATF ROS   M 25-54_160 x 600_In-Banner Standard_Desktop_TPS_17_GACBT_1_0_N/A_VAR_SP_AccuWeather | PMP_N/A_24_P6Z85Z,AccuWeather,Silverado 1500,PMP Accuweather ATF ROS   M 25-54,160 x 600,In-Banner Standard,Desktop,TPS,17,GACBT,1,0,N/A,VAR,SP,AccuWeather | PMP,N/A,24,P6Z85Z,126892759,2016_Silverado 1500__CW_LS__Intro_NewFace_Static_US_ENG_v1_160x600,2016,Silverado 1500,,CW,LS,,Intro,NewFace,Static,US,ENG,v1,160x600,68186653,160 x 600,0,0,0,0,0,0,0,0,0,0,0,0,0,0,0,0
2016-01-01,2016-01-03,CVN/CS/660_Chevrolet Division_Chevy Silverado_Durable and Trusted Digital_BPR_USA_GNM_2016,9321870,Desktop,Image,AccuWeather_Silverado 1500_PMP Accuweather ATF ROS   M 25-54_300 x 250_In-Banner Standard_Desktop_TPS_17_GACBT_1_0_N/A_VAR_SP_AccuWeather | PMP_N/A_24_P6Z85W,AccuWeather,Silverado 1500,PMP Accuweather ATF ROS   M 25-54,300 x 250,In-Banner Standard,Desktop,TPS,17,GACBT,1,0,N/A,VAR,SP,AccuWeather | PMP,N/A,24,P6Z85W,126891262,2016_Silverado 1500__CW_LS__Intro_HighStrengthSteel_Static_US_ENG_v1_300x250,2016,Silverado 1500,,CW,LS,,Intro,HighStrengthSteel,Static,US,ENG,v1,300x250,68186652,300 x 250,0,0,0,0,0,0,0,0,0,0,0,0,0,0,0,0
2016-01-01,2016-01-03,CVN/CS/660_Chevrolet Division_Chevy Silverado_Durable and Trusted Digital_BPR_USA_GNM_2016,9321870,Desktop,Image,AccuWeather_Silverado 1500_PMP Accuweather ATF ROS   M 25-54_300 x 250_In-Banner Standard_Desktop_TPS_17_GACBT_1_0_N/A_VAR_SP_AccuWeather | PMP_N/A_24_P6Z85W,AccuWeather,Silverado 1500,PMP Accuweather ATF ROS   M 25-54,300 x 250,In-Banner Standard,Desktop,TPS,17,GACBT,1,0,N/A,VAR,SP,AccuWeather | PMP,N/A,24,P6Z85W,126891262,2016_Silverado 1500__CW_LS__Intro_NewFace_Static_US_ENG_v1_300x250,2016,Silverado 1500,,CW,LS,,Intro,NewFace,Static,US,ENG,v1,300x250,68187960,300 x 250,1,0,0,0,0,0,0,0,0,0,0,0,0,0,0,0
2016-01-01,2016-01-03,CVN/CS/660_Chevrolet Division_Chevy Silverado_Durable and Trusted Digital_BPR_USA_GNM_2016,9321870,Desktop,Image,AccuWeather_Silverado 1500_PMP Accuweather ATF ROS   M 25-54_300 x 600_In-Banner Standard_Desktop_TPS_17_GACBT_1_0_N/A_VAR_SP_AccuWeather | PMP_N/A_24_P6Z85X,AccuWeather,Silverado 1500,PMP Accuweather ATF ROS   M 25-54,300 x 600,In-Banner Standard,Desktop,TPS,17,GACBT,1,0,N/A,VAR,SP,AccuWeather | PMP,N/A,24,P6Z85X,126890193,2016_Silverado 1500__CW_LS__Intro_HighStrengthSteel_Static_US_ENG_v1_300x600,2016,Silverado 1500,,CW,LS,,Intro,HighStrengthSteel,Static,US,ENG,v1,300x600,68190936,300 x 600,0,0,0,0,0,0,0,0,0,0,0,0,0,0,0,0
2016-01-01,2016-01-03,CVN/CS/660_Chevrolet Division_Chevy Silverado_Durable and Trusted Digital_BPR_USA_GNM_2016,9321870,Desktop,Image,AccuWeather_Silverado 1500_PMP Accuweather ATF ROS   M 25-54_300 x 600_In-Banner Standard_Desktop_TPS_17_GACBT_1_0_N/A_VAR_SP_AccuWeather | PMP_N/A_24_P6Z85X,AccuWeather,Silverado 1500,PMP Accuweather ATF ROS   M 25-54,300 x 600,In-Banner Standard,Desktop,TPS,17,GACBT,1,0,N/A,VAR,SP,AccuWeather | PMP,N/A,24,P6Z85X,126890193,2016_Silverado 1500__CW_LS__Intro_MDLL_Static_US_ENG_v1_300x600,2016,Silverado 1500,,CW,LS,,Intro,MDLL,Static,US,ENG,v1,300x600,68191576,300 x 600,1,0,0,0,0,0,0,0,0,0,0,0,0,0,0,0
2016-01-01,2016-01-03,CVN/CS/660_Chevrolet Division_Chevy Silverado_Durable and Trusted Digital_BPR_USA_GNM_2016,9321870,Desktop,Image,AccuWeather_Silverado 1500_PMP Accuweather ATF ROS   M 25-54_728 x 90_In-Banner Standard_Desktop_TPS_17_GACBT_1_0_N/A_VAR_SP_AccuWeather | PMP_N/A_24_P6Z85Y,AccuWeather,Silverado 1500,PMP Accuweather ATF ROS   M 25-54,728 x 90,In-Banner Standard,Desktop,TPS,17,GACBT,1,0,N/A,VAR,SP,AccuWeather | PMP,N/A,24,P6Z85Y,126886433,2016_Silverado 1500__CW_LS__Intro_HighStrengthSteel_Static_US_ENG_v1_728x90,2016,Silverado 1500,,CW,LS,,Intro,HighStrengthSteel,Static,US,ENG,v1,728x90,68191578,728 x 90,0,0,0,0,0,0,0,0,0,0,0,0,0,0,0,0
2016-01-01,2016-01-03,CVN/CS/660_Chevrolet Division_Chevy Silverado_Durable and Trusted Digital_BPR_USA_GNM_2016,9321870,Desktop,Image,AccuWeather_Silverado 1500_PMP Accuweather ATF ROS   M 25-54_728 x 90_In-Banner Standard_Desktop_TPS_17_GACBT_1_0_N/A_VAR_SP_AccuWeather | PMP_N/A_24_P6Z85Y,AccuWeather,Silverado 1500,PMP Accuweather ATF ROS   M 25-54,728 x 90,In-Banner Standard,Desktop,TPS,17,GACBT,1,0,N/A,VAR,SP,AccuWeather | PMP,N/A,24,P6Z85Y,126886433,2016_Silverado 1500__CW_LS__Intro_NewFace_Static_US_ENG_v1_728x90,2016,Silverado 1500,,CW,LS,,Intro,NewFace,Static,US,ENG,v1,728x90,68192099,728 x 90,0,0,0,0,0,0,0,0,0,0,0,0,0,0,0,0
2016-01-01,2016-01-03,CVN/CS/660_Chevrolet Division_Chevy Silverado_Durable and Trusted Digital_BPR_USA_GNM_2016,9321870,Desktop,Image,weather.com_Silverado 1500_PMP Weather Channel ATF   M 25-54_160 x 600_In-Banner Standard_Desktop_TPS_17_GACBT_1_0_N/A_VAR_SP_Weather Channel  | PMP_N/A_24_P6Z863,weather.com,Silverado 1500,PMP Weather Channel ATF   M 25-54,160 x 600,In-Banner Standard,Desktop,TPS,17,GACBT,1,0,N/A,VAR,SP,Weather Channel  | PMP,N/A,24,P6Z863,126883474,2016_Silverado 1500__CW_LS__Intro_MDLL_Static_US_ENG_v1_160x600,2016,Silverado 1500,,CW,LS,,Intro,MDLL,Static,US,ENG,v1,160x600,68189415,160 x 600,0,0,0,0,0,0,0,0,0,0,0,0,0,0,0,0
2016-01-01,2016-01-03,CVN/CS/660_Chevrolet Division_Chevy Silverado_Durable and Trusted Digital_BPR_USA_GNM_2016,9321870,Desktop,Image,weather.com_Silverado 1500_PMP Weather Channel ATF   M 25-54_300 x 250_In-Banner Standard_Desktop_TPS_17_GACBT_1_0_N/A_VAR_SP_Weather Channel  | PMP_N/A_24_P6Z860,weather.com,Silverado 1500,PMP Weather Channel ATF   M 25-54,300 x 250,In-Banner Standard,Desktop,TPS,17,GACBT,1,0,N/A,VAR,SP,Weather Channel  | PMP,N/A,24,P6Z860,126890070,2016_Silverado 1500__CW_LS__Intro_HighStrengthSteel_Static_US_ENG_v1_300x250,2016,Silverado 1500,,CW,LS,,Intro,HighStrengthSteel,Static,US,ENG,v1,300x250,68186652,300 x 250,1,0,0,0,0,0,0,0,0,0,0,0,0,0,0,0
2016-01-01,2016-01-03,CVN/CS/660_Chevrolet Division_Chevy Silverado_Durable and Trusted Digital_BPR_USA_GNM_2016,9321870,Desktop,Image,weather.com_Silverado 1500_PMP Weather Channel ATF   M 25-54_300 x 250_In-Banner Standard_Desktop_TPS_17_GACBT_1_0_N/A_VAR_SP_Weather Channel  | PMP_N/A_24_P6Z860,weather.com,Silverado 1500,PMP Weather Channel ATF   M 25-54,300 x 250,In-Banner Standard,Desktop,TPS,17,GACBT,1,0,N/A,VAR,SP,Weather Channel  | PMP,N/A,24,P6Z860,126890070,2016_Silverado 1500__CW_LS__Intro_NewFace_Static_US_ENG_v1_300x250,2016,Silverado 1500,,CW,LS,,Intro,NewFace,Static,US,ENG,v1,300x250,68187960,300 x 250,0,0,0,0,0,0,0,0,0,0,0,0,0,0,0,0
2016-01-01,2016-01-03,CVN/CS/660_Chevrolet Division_Chevy Silverado_Durable and Trusted Digital_BPR_USA_GNM_2016,9321870,Desktop,Image,weather.com_Silverado 1500_PMP Weather Channel ATF   M 25-54_300 x 600_In-Banner Standard_Desktop_TPS_17_GACBT_1_0_N/A_VAR_SP_Weather Channel  | PMP_N/A_24_P6Z861,weather.com,Silverado 1500,PMP Weather Channel ATF   M 25-54,300 x 600,In-Banner Standard,Desktop,TPS,17,GACBT,1,0,N/A,VAR,SP,Weather Channel  | PMP,N/A,24,P6Z861,126890194,2016_Silverado 1500__CW_LS__Intro_HighStrengthSteel_Static_US_ENG_v1_300x600,2016,Silverado 1500,,CW,LS,,Intro,HighStrengthSteel,Static,US,ENG,v1,300x600,68190936,300 x 600,0,0,0,0,0,0,0,0,0,0,0,0,0,0,0,0
2016-01-01,2016-01-03,CVN/CS/660_Chevrolet Division_Chevy Silverado_Durable and Trusted Digital_BPR_USA_GNM_2016,9321870,Desktop,Image,weather.com_Silverado 1500_PMP Weather Channel ATF   M 25-54_300 x 600_In-Banner Standard_Desktop_TPS_17_GACBT_1_0_N/A_VAR_SP_Weather Channel  | PMP_N/A_24_P6Z861,weather.com,Silverado 1500,PMP Weather Channel ATF   M 25-54,300 x 600,In-Banner Standard,Desktop,TPS,17,GACBT,1,0,N/A,VAR,SP,Weather Channel  | PMP,N/A,24,P6Z861,126890194,2016_Silverado 1500__CW_LS__Intro_MDLL_Static_US_ENG_v1_300x600,2016,Silverado 1500,,CW,LS,,Intro,MDLL,Static,US,ENG,v1,300x600,68191576,300 x 600,0,0,0,0,0,0,0,0,0,0,0,0,0,0,0,0
2016-01-01,2016-01-03,CVN/CS/660_Chevrolet Division_Chevy Silverado_Durable and Trusted Digital_BPR_USA_GNM_2016,9321870,Desktop,Image,weather.com_Silverado 1500_PMP Weather Channel ATF   M 25-54_300 x 600_In-Banner Standard_Desktop_TPS_17_GACBT_1_0_N/A_VAR_SP_Weather Channel  | PMP_N/A_24_P6Z861,weather.com,Silverado 1500,PMP Weather Channel ATF   M 25-54,300 x 600,In-Banner Standard,Desktop,TPS,17,GACBT,1,0,N/A,VAR,SP,Weather Channel  | PMP,N/A,24,P6Z861,126890194,2016_Silverado 1500__CW_LS__Intro_NewFace_Static_US_ENG_v1_300x600,2016,Silverado 1500,,CW,LS,,Intro,NewFace,Static,US,ENG,v1,300x600,68187139,300 x 600,1,0,0,0,0,0,0,0,0,0,0,0,0,0,0,0
2016-01-01,2016-01-03,CVN/CS/660_Chevrolet Division_Chevy Silverado_Durable and Trusted Digital_BPR_USA_GNM_2016,9321870,Desktop,Image,weather.com_Silverado 1500_PMP Weather Channel ATF   M 25-54_728 x 90_In-Banner Standard_Desktop_TPS_17_GACBT_1_0_N/A_VAR_SP_Weather Channel  | PMP_N/A_24_P6Z862,weather.com,Silverado 1500,PMP Weather Channel ATF   M 25-54,728 x 90,In-Banner Standard,Desktop,TPS,17,GACBT,1,0,N/A,VAR,SP,Weather Channel  | PMP,N/A,24,P6Z862,126886434,2016_Silverado 1500__CW_LS__Intro_HighStrengthSteel_Static_US_ENG_v1_728x90,2016,Silverado 1500,,CW,LS,,Intro,HighStrengthSteel,Static,US,ENG,v1,728x90,68191578,728 x 90,0,0,0,0,0,0,0,0,0,0,0,0,0,0,0,0
2016-01-01,2016-01-03,CVN/CS/660_Chevrolet Division_Chevy Silverado_Durable and Trusted Digital_BPR_USA_GNM_2016,9321870,Desktop,Image,weather.com_Silverado 1500_PMP Weather Channel ATF   M 25-54_728 x 90_In-Banner Standard_Desktop_TPS_17_GACBT_1_0_N/A_VAR_SP_Weather Channel  | PMP_N/A_24_P6Z862,weather.com,Silverado 1500,PMP Weather Channel ATF   M 25-54,728 x 90,In-Banner Standard,Desktop,TPS,17,GACBT,1,0,N/A,VAR,SP,Weather Channel  | PMP,N/A,24,P6Z862,126886434,2016_Silverado 1500__CW_LS__Intro_NewFace_Static_US_ENG_v1_728x90,2016,Silverado 1500,,CW,LS,,Intro,NewFace,Static,US,ENG,v1,728x90,68192099,728 x 90,0,0,0,0,0,0,0,0,0,0,0,0,0,0,0,0
2016-01-01,2016-01-03,CVN/CS/660_Chevrolet Division_Chevy Silverado_Durable and Trusted Digital_BPR_USA_GNM_2016,9321870,Desktop,Image,WeatherBug_Silverado 1500_PMP Weather Bug ROS ATF   M 25-54_160 x 600_In-Banner Standard_Desktop_TPS_17_GACBT_1_0_N/A_VAR_SP_Weather Bug  | PMP_N/A_24_P6Z86F,WeatherBug,Silverado 1500,PMP Weather Bug ROS ATF   M 25-54,160 x 600,In-Banner Standard,Desktop,TPS,17,GACBT,1,0,N/A,VAR,SP,Weather Bug  | PMP,N/A,24,P6Z86F,126892141,2016_Silverado 1500__CW_LS__Intro_MDLL_Static_US_ENG_v1_160x600,2016,Silverado 1500,,CW,LS,,Intro,MDLL,Static,US,ENG,v1,160x600,68189415,160 x 600,1,0,0,0,0,0,0,0,0,0,0,0,0,0,0,0
2016-01-01,2016-01-03,CVN/CS/660_Chevrolet Division_Chevy Silverado_Durable and Trusted Digital_BPR_USA_GNM_2016,9321870,Desktop,Image,WeatherBug_Silverado 1500_PMP Weather Bug ROS ATF   M 25-54_160 x 600_In-Banner Standard_Desktop_TPS_17_GACBT_1_0_N/A_VAR_SP_Weather Bug  | PMP_N/A_24_P6Z86F,WeatherBug,Silverado 1500,PMP Weather Bug ROS ATF   M 25-54,160 x 600,In-Banner Standard,Desktop,TPS,17,GACBT,1,0,N/A,VAR,SP,Weather Bug  | PMP,N/A,24,P6Z86F,126892141,2016_Silverado 1500__CW_LS__Intro_NewFace_Static_US_ENG_v1_160x600,2016,Silverado 1500,,CW,LS,,Intro,NewFace,Static,US,ENG,v1,160x600,68186653,160 x 600,0,0,0,0,0,0,0,0,0,0,0,0,0,0,0,0
2016-01-01,2016-01-03,CVN/CS/660_Chevrolet Division_Chevy Silverado_Durable and Trusted Digital_BPR_USA_GNM_2016,9321870,Desktop,Image,WeatherBug_Silverado 1500_PMP Weather Bug ROS ATF   M 25-54_300 x 250_In-Banner Standard_Desktop_TPS_17_GACBT_1_0_N/A_VAR_SP_Weather Bug  | PMP_N/A_24_P6Z86B,WeatherBug,Silverado 1500,PMP Weather Bug ROS ATF   M 25-54,300 x 250,In-Banner Standard,Desktop,TPS,17,GACBT,1,0,N/A,VAR,SP,Weather Bug  | PMP,N/A,24,P6Z86B,126892760,2016_Silverado 1500__CW_LS__Intro_MDLL_Static_US_ENG_v1_300x250,2016,Silverado 1500,,CW,LS,,Intro,MDLL,Static,US,ENG,v1,300x250,68186643,300 x 250,1,0,0,0,0,0,0,0,0,0,0,0,0,0,0,0
2016-01-01,2016-01-03,CVN/CS/660_Chevrolet Division_Chevy Silverado_Durable and Trusted Digital_BPR_USA_GNM_2016,9321870,Desktop,Image,WeatherBug_Silverado 1500_PMP Weather Bug ROS ATF   M 25-54_300 x 600_In-Banner Standard_Desktop_TPS_17_GACBT_1_0_N/A_VAR_SP_Weather Bug  | PMP_N/A_24_P6Z86C,WeatherBug,Silverado 1500,PMP Weather Bug ROS ATF   M 25-54,300 x 600,In-Banner Standard,Desktop,TPS,17,GACBT,1,0,N/A,VAR,SP,Weather Bug  | PMP,N/A,24,P6Z86C,126891263,2016_Silverado 1500__CW_LS__Intro_HighStrengthSteel_Static_US_ENG_v1_300x600,2016,Silverado 1500,,CW,LS,,Intro,HighStrengthSteel,Static,US,ENG,v1,300x600,68190936,300 x 600,1,0,0,0,0,0,0,0,0,0,0,0,0,0,0,0
2016-01-01,2016-01-03,CVN/CS/660_Chevrolet Division_Chevy Silverado_Durable and Trusted Digital_BPR_USA_GNM_2016,9321870,Desktop,Image,WeatherBug_Silverado 1500_PMP Weather Bug ROS ATF   M 25-54_728 x 90_In-Banner Standard_Desktop_TPS_17_GACBT_1_0_N/A_VAR_SP_Weather Bug  | PMP_N/A_24_P6Z86D,WeatherBug,Silverado 1500,PMP Weather Bug ROS ATF   M 25-54,728 x 90,In-Banner Standard,Desktop,TPS,17,GACBT,1,0,N/A,VAR,SP,Weather Bug  | PMP,N/A,24,P6Z86D,126890071,2016_Silverado 1500__CW_LS__Intro_MDLL_Static_US_ENG_v1_728x90,2016,Silverado 1500,,CW,LS,,Intro,MDLL,Static,US,ENG,v1,728x90,68187678,728 x 90,0,0,0,0,0,0,0,0,0,0,0,0,0,0,0,0
2016-01-01,2016-01-03,CVN/CS/660_Chevrolet Division_Chevy Silverado_Durable and Trusted Digital_BPR_USA_GNM_2016,9321870,Mobile,Image,weather.com_Silverado 1500_PMP Weather Channel ATF Mobile App   M 25-54_300 x 50_Static_Mobile_TPS_17_GACBT_1_0_N/A_VAR_SP_Weather Channel  | PMP_IMA_24_P6Z865,weather.com,Silverado 1500,PMP Weather Channel ATF Mobile App   M 25-54,300 x 50,Static,Mobile,TPS,17,GACBT,1,0,N/A,VAR,SP,Weather Channel  | PMP,IMA,24,P6Z865,126890195,2016_Silverado 1500__CW_LS__Intro_HighStrength_Static_US_ENG_v1_300x50,2016,Silverado 1500,,CW,LS,,Intro,HighStrength,Static,US,ENG,v1,300x50,68193160,300 x 50,0,0,0,0,0,0,0,0,0,0,0,0,0,0,0,0
2016-01-01,2016-01-03,CVN/CS/660_Chevrolet Division_Chevy Silverado_Durable and Trusted Digital_BPR_USA_GNM_2016,9321870,Mobile,Image,weather.com_Silverado 1500_PMP Weather Channel ATF Mobile App   M 25-54_300 x 50_Static_Mobile_TPS_17_GACBT_1_0_N/A_VAR_SP_Weather Channel  | PMP_IMA_24_P6Z865,weather.com,Silverado 1500,PMP Weather Channel ATF Mobile App   M 25-54,300 x 50,Static,Mobile,TPS,17,GACBT,1,0,N/A,VAR,SP,Weather Channel  | PMP,IMA,24,P6Z865,126890195,2016_Silverado 1500__CW_LS__Intro_MDLL_Static_US_ENG_v1_300x50,2016,Silverado 1500,,CW,LS,,Intro,MDLL,Static,US,ENG,v1,300x50,68186186,300 x 50,0,0,0,0,0,0,0,0,0,0,0,0,0,0,0,0
2016-01-01,2016-01-03,CVN/CS/660_Chevrolet Division_Chevy Silverado_Durable and Trusted Digital_BPR_USA_GNM_2016,9321870,Mobile,Image,weather.com_Silverado 1500_PMP Weather Channel ATF Mobile App   M 25-54_300 x 50_Static_Mobile_TPS_17_GACBT_1_0_N/A_VAR_SP_Weather Channel  | PMP_IMA_24_P6Z865,weather.com,Silverado 1500,PMP Weather Channel ATF Mobile App   M 25-54,300 x 50,Static,Mobile,TPS,17,GACBT,1,0,N/A,VAR,SP,Weather Channel  | PMP,IMA,24,P6Z865,126890195,2016_Silverado 1500__CW_LS__Intro_NewFace_Static_US_ENG_v1_300x50,2016,Silverado 1500,,CW,LS,,Intro,NewFace,Static,US,ENG,v1,300x50,68193712,300 x 50,0,0,0,0,0,0,0,0,0,0,0,0,0,0,0,0
2016-01-01,2016-01-03,CVN/CS/660_Chevrolet Division_Chevy Silverado_Durable and Trusted Digital_BPR_USA_GNM_2016,9321870,Mobile,Image,weather.com_Silverado 1500_PMP Weather Channel ATF Mobile App   M 25-54_300 x 250_Static_Mobile_TPS_17_GACBT_1_0_N/A_VAR_SP_Weather Channel  | PMP_IMA_24_P6Z864,weather.com,Silverado 1500,PMP Weather Channel ATF Mobile App   M 25-54,300 x 250,Static,Mobile,TPS,17,GACBT,1,0,N/A,VAR,SP,Weather Channel  | PMP,IMA,24,P6Z864,126883477,2016_Silverado 1500__CW_LS__Intro_HighStrengthSteel_Static_US_ENG_v1_300x250,2016,Silverado 1500,,CW,LS,,Intro,HighStrengthSteel,Static,US,ENG,v1,300x250,68186652,300 x 250,1,0,0,0,0,0,0,0,0,0,0,0,0,0,0,0
2016-01-01,2016-01-03,CVN/CS/660_Chevrolet Division_Chevy Silverado_Durable and Trusted Digital_BPR_USA_GNM_2016,9321870,Mobile,Image,weather.com_Silverado 1500_PMP Weather Channel ATF Mobile App   M 25-54_300 x 250_Static_Mobile_TPS_17_GACBT_1_0_N/A_VAR_SP_Weather Channel  | PMP_IMA_24_P6Z864,weather.com,Silverado 1500,PMP Weather Channel ATF Mobile App   M 25-54,300 x 250,Static,Mobile,TPS,17,GACBT,1,0,N/A,VAR,SP,Weather Channel  | PMP,IMA,24,P6Z864,126883477,2016_Silverado 1500__CW_LS__Intro_MDLL_Static_US_ENG_v1_300x250,2016,Silverado 1500,,CW,LS,,Intro,MDLL,Static,US,ENG,v1,300x250,68186643,300 x 250,0,0,0,0,0,0,0,0,0,0,0,0,0,0,0,0
2016-01-01,2016-01-03,CVN/CS/660_Chevrolet Division_Chevy Silverado_Durable and Trusted Digital_BPR_USA_GNM_2016,9321870,Mobile,Image,weather.com_Silverado 1500_PMP Weather Channel ATF Mobile App   M 25-54_300 x 250_Static_Mobile_TPS_17_GACBT_1_0_N/A_VAR_SP_Weather Channel  | PMP_IMA_24_P6Z864,weather.com,Silverado 1500,PMP Weather Channel ATF Mobile App   M 25-54,300 x 250,Static,Mobile,TPS,17,GACBT,1,0,N/A,VAR,SP,Weather Channel  | PMP,IMA,24,P6Z864,126883477,2016_Silverado 1500__CW_LS__Intro_NewFace_Static_US_ENG_v1_300x250,2016,Silverado 1500,,CW,LS,,Intro,NewFace,Static,US,ENG,v1,300x250,68187960,300 x 250,0,0,0,0,0,0,0,0,0,0,0,0,0,0,0,0
2016-01-01,2016-01-03,CVN/CS/660_Chevrolet Division_Chevy Silverado_Durable and Trusted Digital_BPR_USA_GNM_2016,9321870,Mobile,Image,weather.com_Silverado 1500_PMP Weather Channel ATF Mobile App   M 25-54_320 x 50_Static_Mobile_TPS_17_GACBT_1_0_N/A_VAR_SP_Weather Channel  | PMP_IMA_24_P6Z866,weather.com,Silverado 1500,PMP Weather Channel ATF Mobile App   M 25-54,320 x 50,Static,Mobile,TPS,17,GACBT,1,0,N/A,VAR,SP,Weather Channel  | PMP,IMA,24,P6Z866,126886436,2016_Silverado 1500__CW_LS__Intro_MDLL_Static_US_ENG_v1_320x50,2016,Silverado 1500,,CW,LS,,Intro,MDLL,Static,US,ENG,v1,320x50,68186491,320 x 50,0,0,0,0,0,0,0,0,0,0,0,0,0,0,0,0
2016-01-01,2016-01-03,CVN/CS/660_Chevrolet Division_Chevy Silverado_Durable and Trusted Digital_BPR_USA_GNM_2016,9321870,Mobile,Image,weather.com_Silverado 1500_PMP Weather Channel ATF Mobile App   M 25-54_320 x 50_Static_Mobile_TPS_17_GACBT_1_0_N/A_VAR_SP_Weather Channel  | PMP_IMA_24_P6Z866,weather.com,Silverado 1500,PMP Weather Channel ATF Mobile App   M 25-54,320 x 50,Static,Mobile,TPS,17,GACBT,1,0,N/A,VAR,SP,Weather Channel  | PMP,IMA,24,P6Z866,126886436,2016_Silverado 1500__CW_LS__Intro_NewFace_Static_US_ENG_v1_320x50,2016,Silverado 1500,,CW,LS,,Intro,NewFace,Static,US,ENG,v1,320x50,68193713,320 x 50,0,0,0,0,0,0,0,0,0,0,0,0,0,0,0,0
2016-01-01,2016-01-03,CVN/CS/660_Chevrolet Division_Chevy Silverado_Durable and Trusted Digital_BPR_USA_GNM_2016,9321870,Mobile,Image,weather.com_Silverado 1500_PMP Weather Channel ATF Mobile Web   M 25-54_300 x 50_Static_Mobile_TPS_17_GACBT_1_0_N/A_VAR_SP_Weather Channel  | PMP_IMW_24_P6Z868,weather.com,Silverado 1500,PMP Weather Channel ATF Mobile Web   M 25-54,300 x 50,Static,Mobile,TPS,17,GACBT,1,0,N/A,VAR,SP,Weather Channel  | PMP,IMW,24,P6Z868,126892140,2016_Silverado 1500__CW_LS__Intro_HighStrength_Static_US_ENG_v1_300x50,2016,Silverado 1500,,CW,LS,,Intro,HighStrength,Static,US,ENG,v1,300x50,68193160,300 x 50,0,0,0,0,0,0,0,0,0,0,0,0,0,0,0,0
2016-01-01,2016-01-03,CVN/CS/660_Chevrolet Division_Chevy Silverado_Durable and Trusted Digital_BPR_USA_GNM_2016,9321870,Mobile,Image,weather.com_Silverado 1500_PMP Weather Channel ATF Mobile Web   M 25-54_300 x 50_Static_Mobile_TPS_17_GACBT_1_0_N/A_VAR_SP_Weather Channel  | PMP_IMW_24_P6Z868,weather.com,Silverado 1500,PMP Weather Channel ATF Mobile Web   M 25-54,300 x 50,Static,Mobile,TPS,17,GACBT,1,0,N/A,VAR,SP,Weather Channel  | PMP,IMW,24,P6Z868,126892140,2016_Silverado 1500__CW_LS__Intro_MDLL_Static_US_ENG_v1_300x50,2016,Silverado 1500,,CW,LS,,Intro,MDLL,Static,US,ENG,v1,300x50,68186186,300 x 50,0,0,0,0,0,0,0,0,0,0,0,0,0,0,0,0
2016-01-01,2016-01-03,CVN/CS/660_Chevrolet Division_Chevy Silverado_Durable and Trusted Digital_BPR_USA_GNM_2016,9321870,Mobile,Image,weather.com_Silverado 1500_PMP Weather Channel ATF Mobile Web   M 25-54_300 x 250_Static_Mobile_TPS_17_GACBT_1_0_N/A_VAR_SP_Weather Channel  | PMP_IMW_24_P6Z867,weather.com,Silverado 1500,PMP Weather Channel ATF Mobile Web   M 25-54,300 x 250,Static,Mobile,TPS,17,GACBT,1,0,N/A,VAR,SP,Weather Channel  | PMP,IMW,24,P6Z867,126885862,2016_Silverado 1500__CW_LS__Intro_HighStrengthSteel_Static_US_ENG_v1_300x250,2016,Silverado 1500,,CW,LS,,Intro,HighStrengthSteel,Static,US,ENG,v1,300x250,68186652,300 x 250,0,0,0,0,0,0,0,0,0,0,0,0,0,0,0,0
2016-01-01,2016-01-03,CVN/CS/660_Chevrolet Division_Chevy Silverado_Durable and Trusted Digital_BPR_USA_GNM_2016,9321870,Mobile,Image,weather.com_Silverado 1500_PMP Weather Channel ATF Mobile Web   M 25-54_300 x 250_Static_Mobile_TPS_17_GACBT_1_0_N/A_VAR_SP_Weather Channel  | PMP_IMW_24_P6Z867,weather.com,Silverado 1500,PMP Weather Channel ATF Mobile Web   M 25-54,300 x 250,Static,Mobile,TPS,17,GACBT,1,0,N/A,VAR,SP,Weather Channel  | PMP,IMW,24,P6Z867,126885862,2016_Silverado 1500__CW_LS__Intro_MDLL_Static_US_ENG_v1_300x250,2016,Silverado 1500,,CW,LS,,Intro,MDLL,Static,US,ENG,v1,300x250,68186643,300 x 250,0,0,0,0,0,0,0,0,0,0,0,0,0,0,0,0
2016-01-01,2016-01-03,CVN/CS/660_Chevrolet Division_Chevy Silverado_Durable and Trusted Digital_BPR_USA_GNM_2016,9321870,Mobile,Image,weather.com_Silverado 1500_PMP Weather Channel ATF Mobile Web   M 25-54_300 x 250_Static_Mobile_TPS_17_GACBT_1_0_N/A_VAR_SP_Weather Channel  | PMP_IMW_24_P6Z867,weather.com,Silverado 1500,PMP Weather Channel ATF Mobile Web   M 25-54,300 x 250,Static,Mobile,TPS,17,GACBT,1,0,N/A,VAR,SP,Weather Channel  | PMP,IMW,24,P6Z867,126885862,2016_Silverado 1500__CW_LS__Intro_NewFace_Static_US_ENG_v1_300x250,2016,Silverado 1500,,CW,LS,,Intro,NewFace,Static,US,ENG,v1,300x250,68187960,300 x 250,1,0,0,0,0,0,0,0,0,0,0,0,0,0,0,0
2016-01-01,2016-01-03,CVN/CS/660_Chevrolet Division_Chevy Silverado_Durable and Trusted Digital_BPR_USA_GNM_2016,9321870,Mobile,Image,weather.com_Silverado 1500_PMP Weather Channel ATF Mobile Web   M 25-54_320 x 50_Static_Mobile_TPS_17_GACBT_1_0_N/A_VAR_SP_Weather Channel  | PMP_IMW_24_P6Z869,weather.com,Silverado 1500,PMP Weather Channel ATF Mobile Web   M 25-54,320 x 50,Static,Mobile,TPS,17,GACBT,1,0,N/A,VAR,SP,Weather Channel  | PMP,IMW,24,P6Z869,126887711,2016_Silverado 1500__CW_LS__Intro_HighStrength_Static_US_ENG_v1_320x50,2016,Silverado 1500,,CW,LS,,Intro,HighStrength,Static,US,ENG,v1,320x50,68193913,320 x 50,0,0,0,0,0,0,0,0,0,0,0,0,0,0,0,0
2016-01-01,2016-01-03,CVN/CS/660_Chevrolet Division_Chevy Silverado_Durable and Trusted Digital_BPR_USA_GNM_2016,9321870,Mobile,Image,weather.com_Silverado 1500_PMP Weather Channel ATF Mobile Web   M 25-54_320 x 50_Static_Mobile_TPS_17_GACBT_1_0_N/A_VAR_SP_Weather Channel  | PMP_IMW_24_P6Z869,weather.com,Silverado 1500,PMP Weather Channel ATF Mobile Web   M 25-54,320 x 50,Static,Mobile,TPS,17,GACBT,1,0,N/A,VAR,SP,Weather Channel  | PMP,IMW,24,P6Z869,126887711,2016_Silverado 1500__CW_LS__Intro_NewFace_Static_US_ENG_v1_320x50,2016,Silverado 1500,,CW,LS,,Intro,NewFace,Static,US,ENG,v1,320x50,68193713,320 x 50,0,0,0,0,0,0,0,0,0,0,0,0,0,0,0,0
2016-01-01,2016-01-10,CVN/CS/660_Chevrolet Division_Chevy Silverado_Carbon Media_BPR_USA_GNM_2016,9355737,Mobile,Image,AgHub_Silverado 1500_Ag Video Mobile Dashboards_320 x 50_Expandable_Mobile_TPS_17_CT_1_0_N/A_ATF_RON_N/A_UVS_0_P71QV4,AgHub,Silverado 1500,Ag Video Mobile Dashboards,320 x 50,Expandable,Mobile,TPS,17,CT,1,0,N/A,ATF,RON,N/A,UVS,0,P71QV4,127363207,2016_Silverado 1500__CW_LS__Intro_MDLL_Static_US_ENG_v1_320x50,2016,Silverado 1500,,CW,LS,,Intro,MDLL,Static,US,ENG,v1,320x50,68292678,320 x 50,0,1,0,0,0,0,0,0,0,0,0,0,0,0,0,0
2016-01-01,2016-01-10,CVN/CS/660_Chevrolet Division_Chevy Silverado_Durable and Trusted Digital_BPR_USA_GNM_2016,9321870,Desktop,HTML,AccuWeather_Silverado 1500_PMP Accuweather ATF ROS   M 25-54_160 x 600_In-Banner Standard_Desktop_TPS_17_GACBT_1_0_N/A_VAR_SP_AccuWeather | PMP_N/A_24_P6Z85Z,AccuWeather,Silverado 1500,PMP Accuweather ATF ROS   M 25-54,160 x 600,In-Banner Standard,Desktop,TPS,17,GACBT,1,0,N/A,VAR,SP,AccuWeather | PMP,N/A,24,P6Z85Z,126892759,2016_Silverado 1500__CW_LS__Intro_HighStrengthSteel_H5 Standard_US_ENG_v1_160x600,2016,Silverado 1500,,CW,LS,,Intro,HighStrengthSteel,H5 Standard,US,ENG,v1,160x600,68221720,160 x 600,2244,1,0,0,0,0,0,0,0,0,0,2244,65,0,0,0
2016-01-01,2016-01-10,CVN/CS/660_Chevrolet Division_Chevy Silverado_Durable and Trusted Digital_BPR_USA_GNM_2016,9321870,Desktop,HTML,AccuWeather_Silverado 1500_PMP Accuweather ATF ROS   M 25-54_160 x 600_In-Banner Standard_Desktop_TPS_17_GACBT_1_0_N/A_VAR_SP_AccuWeather | PMP_N/A_24_P6Z85Z,AccuWeather,Silverado 1500,PMP Accuweather ATF ROS   M 25-54,160 x 600,In-Banner Standard,Desktop,TPS,17,GACBT,1,0,N/A,VAR,SP,AccuWeather | PMP,N/A,24,P6Z85Z,126892759,2016_Silverado 1500__CW_LS__Intro_MDLL_H5 Standard_US_ENG_v1_160x600,2016,Silverado 1500,,CW,LS,,Intro,MDLL,H5 Standard,US,ENG,v1,160x600,68226843,160 x 600,2267,2,2,1,1,0,0,0,2,1,1,2267,79,0,0,0
2016-01-01,2016-01-10,CVN/CS/660_Chevrolet Division_Chevy Silverado_Durable and Trusted Digital_BPR_USA_GNM_2016,9321870,Desktop,HTML,AccuWeather_Silverado 1500_PMP Accuweather ATF ROS   M 25-54_160 x 600_In-Banner Standard_Desktop_TPS_17_GACBT_1_0_N/A_VAR_SP_AccuWeather | PMP_N/A_24_P6Z85Z,AccuWeather,Silverado 1500,PMP Accuweather ATF ROS   M 25-54,160 x 600,In-Banner Standard,Desktop,TPS,17,GACBT,1,0,N/A,VAR,SP,AccuWeather | PMP,N/A,24,P6Z85Z,126892759,2016_Silverado 1500__CW_LS__Intro_NewFace_H5 Standard_US_ENG_v1_160x600,2016,Silverado 1500,,CW,LS,,Intro,NewFace,H5 Standard,US,ENG,v1,160x600,68227032,160 x 600,2214,3,1,0,1,0,0,0,1,0,1,2214,59,0,0,0
2016-01-01,2016-01-10,CVN/CS/660_Chevrolet Division_Chevy Silverado_Durable and Trusted Digital_BPR_USA_GNM_2016,9321870,Desktop,HTML,AccuWeather_Silverado 1500_PMP Accuweather ATF ROS   M 25-54_300 x 250_In-Banner Standard_Desktop_TPS_17_GACBT_1_0_N/A_VAR_SP_AccuWeather | PMP_N/A_24_P6Z85W,AccuWeather,Silverado 1500,PMP Accuweather ATF ROS   M 25-54,300 x 250,In-Banner Standard,Desktop,TPS,17,GACBT,1,0,N/A,VAR,SP,AccuWeather | PMP,N/A,24,P6Z85W,126891262,2016_Silverado 1500__CW_LS__Intro_HighStrengthSteel_H5 Standard_US_ENG_v1_300x250,2016,Silverado 1500,,CW,LS,,Intro,HighStrengthSteel,H5 Standard,US,ENG,v1,300x250,68221324,300 x 250,11660,15,16,13,3,2,2,0,11,8,3,11660,218,0,0,0
2016-01-01,2016-01-10,CVN/CS/660_Chevrolet Division_Chevy Silverado_Durable and Trusted Digital_BPR_USA_GNM_2016,9321870,Desktop,HTML,AccuWeather_Silverado 1500_PMP Accuweather ATF ROS   M 25-54_300 x 250_In-Banner Standard_Desktop_TPS_17_GACBT_1_0_N/A_VAR_SP_AccuWeather | PMP_N/A_24_P6Z85W,AccuWeather,Silverado 1500,PMP Accuweather ATF ROS   M 25-54,300 x 250,In-Banner Standard,Desktop,TPS,17,GACBT,1,0,N/A,VAR,SP,AccuWeather | PMP,N/A,24,P6Z85W,126891262,2016_Silverado 1500__CW_LS__Intro_MDLL_H5 Standard_US_ENG_v1_300x250,2016,Silverado 1500,,CW,LS,,Intro,MDLL,H5 Standard,US,ENG,v1,300x250,68226636,300 x 250,12021,8,45,45,0,21,21,0,20,20,0,12021,220,0,0,0
2016-01-01,2016-01-10,CVN/CS/660_Chevrolet Division_Chevy Silverado_Durable and Trusted Digital_BPR_USA_GNM_2016,9321870,Desktop,HTML,AccuWeather_Silverado 1500_PMP Accuweather ATF ROS   M 25-54_300 x 250_In-Banner Standard_Desktop_TPS_17_GACBT_1_0_N/A_VAR_SP_AccuWeather | PMP_N/A_24_P6Z85W,AccuWeather,Silverado 1500,PMP Accuweather ATF ROS   M 25-54,300 x 250,In-Banner Standard,Desktop,TPS,17,GACBT,1,0,N/A,VAR,SP,AccuWeather | PMP,N/A,24,P6Z85W,126891262,2016_Silverado 1500__CW_LS__Intro_NewFace_H5 Standard_US_ENG_v1_300x250,2016,Silverado 1500,,CW,LS,,Intro,NewFace,H5 Standard,US,ENG,v1,300x250,68226258,300 x 250,11641,13,32,22,10,7,4,3,22,16,6,11641,205,0,0,0
2016-01-01,2016-01-10,CVN/CS/660_Chevrolet Division_Chevy Silverado_Durable and Trusted Digital_BPR_USA_GNM_2016,9321870,Desktop,HTML,AccuWeather_Silverado 1500_PMP Accuweather ATF ROS   M 25-54_300 x 600_In-Banner Standard_Desktop_TPS_17_GACBT_1_0_N/A_VAR_SP_AccuWeather | PMP_N/A_24_P6Z85X,AccuWeather,Silverado 1500,PMP Accuweather ATF ROS   M 25-54,300 x 600,In-Banner Standard,Desktop,TPS,17,GACBT,1,0,N/A,VAR,SP,AccuWeather | PMP,N/A,24,P6Z85X,126890193,2016_Silverado 1500__CW_LS__Intro_HighStrengthSteel_H5 Standard_US_ENG_v1_300x600,2016,Silverado 1500,,CW,LS,,Intro,HighStrengthSteel,H5 Standard,US,ENG,v1,300x600,68226228,300 x 600,1,0,0,0,0,0,0,0,0,0,0,1,3,0,0,0
2016-01-01,2016-01-10,CVN/CS/660_Chevrolet Division_Chevy Silverado_Durable and Trusted Digital_BPR_USA_GNM_2016,9321870,Desktop,HTML,AccuWeather_Silverado 1500_PMP Accuweather ATF ROS   M 25-54_300 x 600_In-Banner Standard_Desktop_TPS_17_GACBT_1_0_N/A_VAR_SP_AccuWeather | PMP_N/A_24_P6Z85X,AccuWeather,Silverado 1500,PMP Accuweather ATF ROS   M 25-54,300 x 600,In-Banner Standard,Desktop,TPS,17,GACBT,1,0,N/A,VAR,SP,AccuWeather | PMP,N/A,24,P6Z85X,126890193,2016_Silverado 1500__CW_LS__Intro_MDLL_H5 Standard_US_ENG_v1_300x600,2016,Silverado 1500,,CW,LS,,Intro,MDLL,H5 Standard,US,ENG,v1,300x600,68226444,300 x 600,1,0,0,0,0,0,0,0,0,0,0,1,2,0,0,0
2016-01-01,2016-01-10,CVN/CS/660_Chevrolet Division_Chevy Silverado_Durable and Trusted Digital_BPR_USA_GNM_2016,9321870,Desktop,HTML,AccuWeather_Silverado 1500_PMP Accuweather ATF ROS   M 25-54_300 x 600_In-Banner Standard_Desktop_TPS_17_GACBT_1_0_N/A_VAR_SP_AccuWeather | PMP_N/A_24_P6Z85X,AccuWeather,Silverado 1500,PMP Accuweather ATF ROS   M 25-54,300 x 600,In-Banner Standard,Desktop,TPS,17,GACBT,1,0,N/A,VAR,SP,AccuWeather | PMP,N/A,24,P6Z85X,126890193,2016_Silverado 1500__CW_LS__Intro_NewFace_H5 Standard_US_ENG_v1_300x600,2016,Silverado 1500,,CW,LS,,Intro,NewFace,H5 Standard,US,ENG,v1,300x600,68224755,300 x 600,1,0,0,0,0,0,0,0,0,0,0,1,3,0,0,0
2016-01-01,2016-01-10,CVN/CS/660_Chevrolet Division_Chevy Silverado_Durable and Trusted Digital_BPR_USA_GNM_2016,9321870,Desktop,HTML,AccuWeather_Silverado 1500_PMP Accuweather ATF ROS   M 25-54_728 x 90_In-Banner Standard_Desktop_TPS_17_GACBT_1_0_N/A_VAR_SP_AccuWeather | PMP_N/A_24_P6Z85Y,AccuWeather,Silverado 1500,PMP Accuweather ATF ROS   M 25-54,728 x 90,In-Banner Standard,Desktop,TPS,17,GACBT,1,0,N/A,VAR,SP,AccuWeather | PMP,N/A,24,P6Z85Y,126886433,2016_Silverado 1500__CW_LS__Intro_HighStrengthSteel_H5 Standard_US_ENG_v1_728x90,2016,Silverado 1500,,CW,LS,,Intro,HighStrengthSteel,H5 Standard,US,ENG,v1,728x90,68226226,728 x 90,9381,3,0,0,0,0,0,0,0,0,0,9381,105,0,0,0
2016-01-01,2016-01-10,CVN/CS/660_Chevrolet Division_Chevy Silverado_Durable and Trusted Digital_BPR_USA_GNM_2016,9321870,Desktop,HTML,AccuWeather_Silverado 1500_PMP Accuweather ATF ROS   M 25-54_728 x 90_In-Banner Standard_Desktop_TPS_17_GACBT_1_0_N/A_VAR_SP_AccuWeather | PMP_N/A_24_P6Z85Y,AccuWeather,Silverado 1500,PMP Accuweather ATF ROS   M 25-54,728 x 90,In-Banner Standard,Desktop,TPS,17,GACBT,1,0,N/A,VAR,SP,AccuWeather | PMP,N/A,24,P6Z85Y,126886433,2016_Silverado 1500__CW_LS__Intro_MDLL_H5 Standard_US_ENG_v1_728x90,2016,Silverado 1500,,CW,LS,,Intro,MDLL,H5 Standard,US,ENG,v1,728x90,68226248,728 x 90,9381,1,16,15,1,1,1,0,11,10,1,9381,101,0,0,0
2016-01-01,2016-01-10,CVN/CS/660_Chevrolet Division_Chevy Silverado_Durable and Trusted Digital_BPR_USA_GNM_2016,9321870,Desktop,HTML,AccuWeather_Silverado 1500_PMP Accuweather ATF ROS   M 25-54_728 x 90_In-Banner Standard_Desktop_TPS_17_GACBT_1_0_N/A_VAR_SP_AccuWeather | PMP_N/A_24_P6Z85Y,AccuWeather,Silverado 1500,PMP Accuweather ATF ROS   M 25-54,728 x 90,In-Banner Standard,Desktop,TPS,17,GACBT,1,0,N/A,VAR,SP,AccuWeather | PMP,N/A,24,P6Z85Y,126886433,2016_Silverado 1500__CW_LS__Intro_NewFace_H5 Standard_US_ENG_v1_728x90,2016,Silverado 1500,,CW,LS,,Intro,NewFace,H5 Standard,US,ENG,v1,728x90,68224757,728 x 90,9057,7,14,11,3,1,1,0,13,10,3,9057,94,0,0,0
2016-01-01,2016-01-10,CVN/CS/660_Chevrolet Division_Chevy Silverado_Durable and Trusted Digital_BPR_USA_GNM_2016,9321870,Desktop,HTML,Carat Programmatic_Silverado 1500_BT Affinity DIY   Male_300 x 250_In-Banner Standard_Desktop_TPS_17_GACBT_1_0_N/A_VAR_SP_Male | DIY_N/A_24_P6Z7ZQ,Carat Programmatic,Silverado 1500,BT Affinity DIY   Male,300 x 250,In-Banner Standard,Desktop,TPS,17,GACBT,1,0,N/A,VAR,SP,Male | DIY,N/A,24,P6Z7ZQ,126890065,2016_Silverado 1500__CW_LS__Intro_HighStrengthSteel_H5 Standard_US_ENG_v1_300x250,2016,Silverado 1500,,CW,LS,,Intro,HighStrengthSteel,H5 Standard,US,ENG,v1,300x250,68221324,300 x 250,10348,2,38,38,0,11,11,0,14,14,0,10348,106,0,0,0
2016-01-01,2016-01-10,CVN/CS/660_Chevrolet Division_Chevy Silverado_Durable and Trusted Digital_BPR_USA_GNM_2016,9321870,Desktop,HTML,Carat Programmatic_Silverado 1500_BT Affinity DIY   Male_300 x 250_In-Banner Standard_Desktop_TPS_17_GACBT_1_0_N/A_VAR_SP_Male | DIY_N/A_24_P6Z7ZQ,Carat Programmatic,Silverado 1500,BT Affinity DIY   Male,300 x 250,In-Banner Standard,Desktop,TPS,17,GACBT,1,0,N/A,VAR,SP,Male | DIY,N/A,24,P6Z7ZQ,126890065,2016_Silverado 1500__CW_LS__Intro_MDLL_H5 Standard_US_ENG_v1_300x250,2016,Silverado 1500,,CW,LS,,Intro,MDLL,H5 Standard,US,ENG,v1,300x250,68226636,300 x 250,10321,2,10,10,0,1,1,0,2,2,0,10321,88,0,0,0
2016-01-01,2016-01-10,CVN/CS/660_Chevrolet Division_Chevy Silverado_Durable and Trusted Digital_BPR_USA_GNM_2016,9321870,Desktop,HTML,Carat Programmatic_Silverado 1500_BT Affinity DIY   Male_300 x 250_In-Banner Standard_Desktop_TPS_17_GACBT_1_0_N/A_VAR_SP_Male | DIY_N/A_24_P6Z7ZQ,Carat Programmatic,Silverado 1500,BT Affinity DIY   Male,300 x 250,In-Banner Standard,Desktop,TPS,17,GACBT,1,0,N/A,VAR,SP,Male | DIY,N/A,24,P6Z7ZQ,126890065,2016_Silverado 1500__CW_LS__Intro_NewFace_H5 Standard_US_ENG_v1_300x250,2016,Silverado 1500,,CW,LS,,Intro,NewFace,H5 Standard,US,ENG,v1,300x250,68226258,300 x 250,10481,3,8,8,0,2,2,0,4,4,0,10481,90,0,0,0
2016-01-01,2016-01-10,CVN/CS/660_Chevrolet Division_Chevy Silverado_Durable and Trusted Digital_BPR_USA_GNM_2016,9321870,Desktop,HTML,Carat Programmatic_Silverado 1500_BT Affinity DIY   Male_300 x 600_In-Banner Standard_Desktop_TPS_17_GACBT_1_0_N/A_VAR_SP_Male | DIY_N/A_24_P6Z7ZR,Carat Programmatic,Silverado 1500,BT Affinity DIY   Male,300 x 600,In-Banner Standard,Desktop,TPS,17,GACBT,1,0,N/A,VAR,SP,Male | DIY,N/A,24,P6Z7ZR,126892940,2016_Silverado 1500__CW_LS__Intro_HighStrengthSteel_H5 Standard_US_ENG_v1_300x600,2016,Silverado 1500,,CW,LS,,Intro,HighStrengthSteel,H5 Standard,US,ENG,v1,300x600,68226228,300 x 600,0,0,0,0,0,0,0,0,0,0,0,0,2,0,0,0
2016-01-01,2016-01-10,CVN/CS/660_Chevrolet Division_Chevy Silverado_Durable and Trusted Digital_BPR_USA_GNM_2016,9321870,Desktop,HTML,Carat Programmatic_Silverado 1500_BT Affinity DIY   Male_300 x 600_In-Banner Standard_Desktop_TPS_17_GACBT_1_0_N/A_VAR_SP_Male | DIY_N/A_24_P6Z7ZR,Carat Programmatic,Silverado 1500,BT Affinity DIY   Male,300 x 600,In-Banner Standard,Desktop,TPS,17,GACBT,1,0,N/A,VAR,SP,Male | DIY,N/A,24,P6Z7ZR,126892940,2016_Silverado 1500__CW_LS__Intro_MDLL_H5 Standard_US_ENG_v1_300x600,2016,Silverado 1500,,CW,LS,,Intro,MDLL,H5 Standard,US,ENG,v1,300x600,68226444,300 x 600,1,0,0,0,0,0,0,0,0,0,0,1,0,0,0,0
2016-01-01,2016-01-10,CVN/CS/660_Chevrolet Division_Chevy Silverado_Durable and Trusted Digital_BPR_USA_GNM_2016,9321870,Desktop,HTML,Carat Programmatic_Silverado 1500_BT Affinity DIY   Male_300 x 600_In-Banner Standard_Desktop_TPS_17_GACBT_1_0_N/A_VAR_SP_Male | DIY_N/A_24_P6Z7ZR,Carat Programmatic,Silverado 1500,BT Affinity DIY   Male,300 x 600,In-Banner Standard,Desktop,TPS,17,GACBT,1,0,N/A,VAR,SP,Male | DIY,N/A,24,P6Z7ZR,126892940,2016_Silverado 1500__CW_LS__Intro_NewFace_H5 Standard_US_ENG_v1_300x600,2016,Silverado 1500,,CW,LS,,Intro,NewFace,H5 Standard,US,ENG,v1,300x600,68224755,300 x 600,0,0,0,0,0,0,0,0,0,0,0,0,2,0,0,0
2016-01-01,2016-01-10,CVN/CS/660_Chevrolet Division_Chevy Silverado_Durable and Trusted Digital_BPR_USA_GNM_2016,9321870,Desktop,HTML,Carat Programmatic_Silverado 1500_BT Affinity DIY   Male_728 x 90_In-Banner Standard_Desktop_TPS_17_GACBT_1_0_N/A_VAR_SP_Male | DIY_N/A_24_P6Z7ZS,Carat Programmatic,Silverado 1500,BT Affinity DIY   Male,728 x 90,In-Banner Standard,Desktop,TPS,17,GACBT,1,0,N/A,VAR,SP,Male | DIY,N/A,24,P6Z7ZS,126889084,2016_Silverado 1500__CW_LS__Intro_HighStrengthSteel_H5 Standard_US_ENG_v1_728x90,2016,Silverado 1500,,CW,LS,,Intro,HighStrengthSteel,H5 Standard,US,ENG,v1,728x90,68226226,728 x 90,0,0,0,0,0,0,0,0,0,0,0,0,3,0,0,0
2016-01-01,2016-01-10,CVN/CS/660_Chevrolet Division_Chevy Silverado_Durable and Trusted Digital_BPR_USA_GNM_2016,9321870,Desktop,HTML,Carat Programmatic_Silverado 1500_BT Affinity DIY   Male_728 x 90_In-Banner Standard_Desktop_TPS_17_GACBT_1_0_N/A_VAR_SP_Male | DIY_N/A_24_P6Z7ZS,Carat Programmatic,Silverado 1500,BT Affinity DIY   Male,728 x 90,In-Banner Standard,Desktop,TPS,17,GACBT,1,0,N/A,VAR,SP,Male | DIY,N/A,24,P6Z7ZS,126889084,2016_Silverado 1500__CW_LS__Intro_NewFace_H5 Standard_US_ENG_v1_728x90,2016,Silverado 1500,,CW,LS,,Intro,NewFace,H5 Standard,US,ENG,v1,728x90,68224757,728 x 90,0,0,0,0,0,0,0,0,0,0,0,0,0,0,0,0
2016-01-01,2016-01-10,CVN/CS/660_Chevrolet Division_Chevy Silverado_Durable and Trusted Digital_BPR_USA_GNM_2016,9321870,Desktop,HTML,Carat Programmatic_Silverado 1500_BT Affinity In Market Pickup Trucks   Male_300 x 250_In-Banner Standard_Desktop_TPS_17_GACBT_1_0_N/A_VAR_SP_Male | Inmarket Pickup Trucks_N/A_24_P6Z7ZT,Carat Programmatic,Silverado 1500,BT Affinity In Market Pickup Trucks   Male,300 x 250,In-Banner Standard,Desktop,TPS,17,GACBT,1,0,N/A,VAR,SP,Male | Inmarket Pickup Trucks,N/A,24,P6Z7ZT,126892754,2016_Silverado 1500__CW_LS__Intro_HighStrengthSteel_H5 Standard_US_ENG_v1_300x250,2016,Silverado 1500,,CW,LS,,Intro,HighStrengthSteel,H5 Standard,US,ENG,v1,300x250,68221324,300 x 250,4980,2,13,13,0,3,3,0,8,8,0,4980,37,0,0,0
2016-01-01,2016-01-10,CVN/CS/660_Chevrolet Division_Chevy Silverado_Durable and Trusted Digital_BPR_USA_GNM_2016,9321870,Desktop,HTML,Carat Programmatic_Silverado 1500_BT Affinity In Market Pickup Trucks   Male_300 x 250_In-Banner Standard_Desktop_TPS_17_GACBT_1_0_N/A_VAR_SP_Male | Inmarket Pickup Trucks_N/A_24_P6Z7ZT,Carat Programmatic,Silverado 1500,BT Affinity In Market Pickup Trucks   Male,300 x 250,In-Banner Standard,Desktop,TPS,17,GACBT,1,0,N/A,VAR,SP,Male | Inmarket Pickup Trucks,N/A,24,P6Z7ZT,126892754,2016_Silverado 1500__CW_LS__Intro_MDLL_H5 Standard_US_ENG_v1_300x250,2016,Silverado 1500,,CW,LS,,Intro,MDLL,H5 Standard,US,ENG,v1,300x250,68226636,300 x 250,5102,1,15,15,0,6,6,0,6,6,0,5102,59,0,0,0
2016-01-01,2016-01-10,CVN/CS/660_Chevrolet Division_Chevy Silverado_Durable and Trusted Digital_BPR_USA_GNM_2016,9321870,Desktop,HTML,Carat Programmatic_Silverado 1500_BT Affinity In Market Pickup Trucks   Male_300 x 250_In-Banner Standard_Desktop_TPS_17_GACBT_1_0_N/A_VAR_SP_Male | Inmarket Pickup Trucks_N/A_24_P6Z7ZT,Carat Programmatic,Silverado 1500,BT Affinity In Market Pickup Trucks   Male,300 x 250,In-Banner Standard,Desktop,TPS,17,GACBT,1,0,N/A,VAR,SP,Male | Inmarket Pickup Trucks,N/A,24,P6Z7ZT,126892754,2016_Silverado 1500__CW_LS__Intro_NewFace_H5 Standard_US_ENG_v1_300x250,2016,Silverado 1500,,CW,LS,,Intro,NewFace,H5 Standard,US,ENG,v1,300x250,68226258,300 x 250,5038,1,35,35,0,13,13,0,20,20,0,5038,66,0,0,0
2016-01-01,2016-01-10,CVN/CS/660_Chevrolet Division_Chevy Silverado_Durable and Trusted Digital_BPR_USA_GNM_2016,9321870,Desktop,HTML,Carat Programmatic_Silverado 1500_BT Affinity In Market Pickup Trucks   Male_300 x 600_In-Banner Standard_Desktop_TPS_17_GACBT_1_0_N/A_VAR_SP_Male | Inmarket Pickup Trucks_N/A_24_P6Z7ZV,Carat Programmatic,Silverado 1500,BT Affinity In Market Pickup Trucks   Male,300 x 600,In-Banner Standard,Desktop,TPS,17,GACBT,1,0,N/A,VAR,SP,Male | Inmarket Pickup Trucks,N/A,24,P6Z7ZV,126887922,2016_Silverado 1500__CW_LS__Intro_HighStrengthSteel_H5 Standard_US_ENG_v1_300x600,2016,Silverado 1500,,CW,LS,,Intro,HighStrengthSteel,H5 Standard,US,ENG,v1,300x600,68226228,300 x 600,1421,1,2,2,0,0,0,0,2,2,0,1421,23,0,0,0
2016-01-01,2016-01-10,CVN/CS/660_Chevrolet Division_Chevy Silverado_Durable and Trusted Digital_BPR_USA_GNM_2016,9321870,Desktop,HTML,Carat Programmatic_Silverado 1500_BT Affinity In Market Pickup Trucks   Male_300 x 600_In-Banner Standard_Desktop_TPS_17_GACBT_1_0_N/A_VAR_SP_Male | Inmarket Pickup Trucks_N/A_24_P6Z7ZV,Carat Programmatic,Silverado 1500,BT Affinity In Market Pickup Trucks   Male,300 x 600,In-Banner Standard,Desktop,TPS,17,GACBT,1,0,N/A,VAR,SP,Male | Inmarket Pickup Trucks,N/A,24,P6Z7ZV,126887922,2016_Silverado 1500__CW_LS__Intro_MDLL_H5 Standard_US_ENG_v1_300x600,2016,Silverado 1500,,CW,LS,,Intro,MDLL,H5 Standard,US,ENG,v1,300x600,68226444,300 x 600,1434,0,1,1,0,0,0,0,1,1,0,1434,23,0,0,0
2016-01-01,2016-01-10,CVN/CS/660_Chevrolet Division_Chevy Silverado_Durable and Trusted Digital_BPR_USA_GNM_2016,9321870,Desktop,HTML,Carat Programmatic_Silverado 1500_BT Affinity In Market Pickup Trucks   Male_300 x 600_In-Banner Standard_Desktop_TPS_17_GACBT_1_0_N/A_VAR_SP_Male | Inmarket Pickup Trucks_N/A_24_P6Z7ZV,Carat Programmatic,Silverado 1500,BT Affinity In Market Pickup Trucks   Male,300 x 600,In-Banner Standard,Desktop,TPS,17,GACBT,1,0,N/A,VAR,SP,Male | Inmarket Pickup Trucks,N/A,24,P6Z7ZV,126887922,2016_Silverado 1500__CW_LS__Intro_NewFace_H5 Standard_US_ENG_v1_300x600,2016,Silverado 1500,,CW,LS,,Intro,NewFace,H5 Standard,US,ENG,v1,300x600,68224755,300 x 600,1392,1,4,4,0,2,2,0,2,2,0,1392,18,0,0,0
2016-01-01,2016-01-10,CVN/CS/660_Chevrolet Division_Chevy Silverado_Durable and Trusted Digital_BPR_USA_GNM_2016,9321870,Desktop,HTML,Carat Programmatic_Silverado 1500_BT Affinity In Market Pickup Trucks   Male_728 x 90_In-Banner Standard_Desktop_TPS_17_GACBT_1_0_N/A_VAR_SP_Male | Inmarket Pickup Trucks_N/A_24_P6Z7ZW,Carat Programmatic,Silverado 1500,BT Affinity In Market Pickup Trucks   Male,728 x 90,In-Banner Standard,Desktop,TPS,17,GACBT,1,0,N/A,VAR,SP,Male | Inmarket Pickup Trucks,N/A,24,P6Z7ZW,126885857,2016_Silverado 1500__CW_LS__Intro_HighStrengthSteel_H5 Standard_US_ENG_v1_728x90,2016,Silverado 1500,,CW,LS,,Intro,HighStrengthSteel,H5 Standard,US,ENG,v1,728x90,68226226,728 x 90,6501,2,24,22,2,7,7,0,12,10,2,6501,61,0,0,0
2016-01-01,2016-01-10,CVN/CS/660_Chevrolet Division_Chevy Silverado_Durable and Trusted Digital_BPR_USA_GNM_2016,9321870,Desktop,HTML,Carat Programmatic_Silverado 1500_BT Affinity In Market Pickup Trucks   Male_728 x 90_In-Banner Standard_Desktop_TPS_17_GACBT_1_0_N/A_VAR_SP_Male | Inmarket Pickup Trucks_N/A_24_P6Z7ZW,Carat Programmatic,Silverado 1500,BT Affinity In Market Pickup Trucks   Male,728 x 90,In-Banner Standard,Desktop,TPS,17,GACBT,1,0,N/A,VAR,SP,Male | Inmarket Pickup Trucks,N/A,24,P6Z7ZW,126885857,2016_Silverado 1500__CW_LS__Intro_MDLL_H5 Standard_US_ENG_v1_728x90,2016,Silverado 1500,,CW,LS,,Intro,MDLL,H5 Standard,US,ENG,v1,728x90,68226248,728 x 90,7000,1,41,41,0,18,18,0,8,8,0,7000,59,0,0,0
2016-01-01,2016-01-10,CVN/CS/660_Chevrolet Division_Chevy Silverado_Durable and Trusted Digital_BPR_USA_GNM_2016,9321870,Desktop,HTML,Carat Programmatic_Silverado 1500_BT Affinity In Market Pickup Trucks   Male_728 x 90_In-Banner Standard_Desktop_TPS_17_GACBT_1_0_N/A_VAR_SP_Male | Inmarket Pickup Trucks_N/A_24_P6Z7ZW,Carat Programmatic,Silverado 1500,BT Affinity In Market Pickup Trucks   Male,728 x 90,In-Banner Standard,Desktop,TPS,17,GACBT,1,0,N/A,VAR,SP,Male | Inmarket Pickup Trucks,N/A,24,P6Z7ZW,126885857,2016_Silverado 1500__CW_LS__Intro_NewFace_H5 Standard_US_ENG_v1_728x90,2016,Silverado 1500,,CW,LS,,Intro,NewFace,H5 Standard,US,ENG,v1,728x90,68224757,728 x 90,6804,2,31,30,1,2,2,0,13,12,1,6804,61,0,0,0
2016-01-01,2016-01-10,CVN/CS/660_Chevrolet Division_Chevy Silverado_Durable and Trusted Digital_BPR_USA_GNM_2016,9321870,Desktop,HTML,Carat Programmatic_Silverado 1500_BT Affinity Landscaping   Male_300 x 250_In-Banner Standard_Desktop_TPS_17_GACBT_1_0_N/A_VAR_SP_Male | Landscaping_N/A_24_P6Z7ZF,Carat Programmatic,Silverado 1500,BT Affinity Landscaping   Male,300 x 250,In-Banner Standard,Desktop,TPS,17,GACBT,1,0,N/A,VAR,SP,Male | Landscaping,N/A,24,P6Z7ZF,126891258,2016_Silverado 1500__CW_LS__Intro_HighStrengthSteel_H5 Standard_US_ENG_v1_300x250,2016,Silverado 1500,,CW,LS,,Intro,HighStrengthSteel,H5 Standard,US,ENG,v1,300x250,68221324,300 x 250,4337,0,0,0,0,0,0,0,0,0,0,4337,39,0,0,0
2016-01-01,2016-01-10,CVN/CS/660_Chevrolet Division_Chevy Silverado_Durable and Trusted Digital_BPR_USA_GNM_2016,9321870,Desktop,HTML,Carat Programmatic_Silverado 1500_BT Affinity Landscaping   Male_300 x 250_In-Banner Standard_Desktop_TPS_17_GACBT_1_0_N/A_VAR_SP_Male | Landscaping_N/A_24_P6Z7ZF,Carat Programmatic,Silverado 1500,BT Affinity Landscaping   Male,300 x 250,In-Banner Standard,Desktop,TPS,17,GACBT,1,0,N/A,VAR,SP,Male | Landscaping,N/A,24,P6Z7ZF,126891258,2016_Silverado 1500__CW_LS__Intro_MDLL_H5 Standard_US_ENG_v1_300x250,2016,Silverado 1500,,CW,LS,,Intro,MDLL,H5 Standard,US,ENG,v1,300x250,68226636,300 x 250,4456,1,1,1,0,0,0,0,0,0,0,4456,43,0,0,0
2016-01-01,2016-01-10,CVN/CS/660_Chevrolet Division_Chevy Silverado_Durable and Trusted Digital_BPR_USA_GNM_2016,9321870,Desktop,HTML,Carat Programmatic_Silverado 1500_BT Affinity Landscaping   Male_300 x 250_In-Banner Standard_Desktop_TPS_17_GACBT_1_0_N/A_VAR_SP_Male | Landscaping_N/A_24_P6Z7ZF,Carat Programmatic,Silverado 1500,BT Affinity Landscaping   Male,300 x 250,In-Banner Standard,Desktop,TPS,17,GACBT,1,0,N/A,VAR,SP,Male | Landscaping,N/A,24,P6Z7ZF,126891258,2016_Silverado 1500__CW_LS__Intro_NewFace_H5 Standard_US_ENG_v1_300x250,2016,Silverado 1500,,CW,LS,,Intro,NewFace,H5 Standard,US,ENG,v1,300x250,68226258,300 x 250,4362,0,3,3,0,0,0,0,3,3,0,4362,47,0,0,0
2016-01-01,2016-01-10,CVN/CS/660_Chevrolet Division_Chevy Silverado_Durable and Trusted Digital_BPR_USA_GNM_2016,9321870,Desktop,HTML,Carat Programmatic_Silverado 1500_BT Affinity Landscaping   Male_300 x 600_In-Banner Standard_Desktop_TPS_17_GACBT_1_0_N/A_VAR_SP_Male | Landscaping_N/A_24_P6Z7ZG,Carat Programmatic,Silverado 1500,BT Affinity Landscaping   Male,300 x 600,In-Banner Standard,Desktop,TPS,17,GACBT,1,0,N/A,VAR,SP,Male | Landscaping,N/A,24,P6Z7ZG,126886431,2016_Silverado 1500__CW_LS__Intro_HighStrengthSteel_H5 Standard_US_ENG_v1_300x600,2016,Silverado 1500,,CW,LS,,Intro,HighStrengthSteel,H5 Standard,US,ENG,v1,300x600,68226228,300 x 600,2190,1,7,7,0,0,0,0,7,7,0,2190,34,0,0,0
2016-01-01,2016-01-10,CVN/CS/660_Chevrolet Division_Chevy Silverado_Durable and Trusted Digital_BPR_USA_GNM_2016,9321870,Desktop,HTML,Carat Programmatic_Silverado 1500_BT Affinity Landscaping   Male_300 x 600_In-Banner Standard_Desktop_TPS_17_GACBT_1_0_N/A_VAR_SP_Male | Landscaping_N/A_24_P6Z7ZG,Carat Programmatic,Silverado 1500,BT Affinity Landscaping   Male,300 x 600,In-Banner Standard,Desktop,TPS,17,GACBT,1,0,N/A,VAR,SP,Male | Landscaping,N/A,24,P6Z7ZG,126886431,2016_Silverado 1500__CW_LS__Intro_MDLL_H5 Standard_US_ENG_v1_300x600,2016,Silverado 1500,,CW,LS,,Intro,MDLL,H5 Standard,US,ENG,v1,300x600,68226444,300 x 600,2317,0,2,2,0,1,1,0,1,1,0,2317,42,0,0,0
2016-01-01,2016-01-10,CVN/CS/660_Chevrolet Division_Chevy Silverado_Durable and Trusted Digital_BPR_USA_GNM_2016,9321870,Desktop,HTML,Carat Programmatic_Silverado 1500_BT Affinity Landscaping   Male_300 x 600_In-Banner Standard_Desktop_TPS_17_GACBT_1_0_N/A_VAR_SP_Male | Landscaping_N/A_24_P6Z7ZG,Carat Programmatic,Silverado 1500,BT Affinity Landscaping   Male,300 x 600,In-Banner Standard,Desktop,TPS,17,GACBT,1,0,N/A,VAR,SP,Male | Landscaping,N/A,24,P6Z7ZG,126886431,2016_Silverado 1500__CW_LS__Intro_NewFace_H5 Standard_US_ENG_v1_300x600,2016,Silverado 1500,,CW,LS,,Intro,NewFace,H5 Standard,US,ENG,v1,300x600,68224755,300 x 600,2103,0,1,1,0,0,0,0,1,1,0,2103,28,0,0,0
2016-01-01,2016-01-10,CVN/CS/660_Chevrolet Division_Chevy Silverado_Durable and Trusted Digital_BPR_USA_GNM_2016,9321870,Desktop,HTML,Carat Programmatic_Silverado 1500_BT Affinity Landscaping   Male_728 x 90_In-Banner Standard_Desktop_TPS_17_GACBT_1_0_N/A_VAR_SP_Male | Landscaping_N/A_24_P6Z7ZH,Carat Programmatic,Silverado 1500,BT Affinity Landscaping   Male,728 x 90,In-Banner Standard,Desktop,TPS,17,GACBT,1,0,N/A,VAR,SP,Male | Landscaping,N/A,24,P6Z7ZH,126892135,2016_Silverado 1500__CW_LS__Intro_HighStrengthSteel_H5 Standard_US_ENG_v1_728x90,2016,Silverado 1500,,CW,LS,,Intro,HighStrengthSteel,H5 Standard,US,ENG,v1,728x90,68226226,728 x 90,5403,1,11,11,0,8,8,0,3,3,0,5403,41,0,0,0
2016-01-01,2016-01-10,CVN/CS/660_Chevrolet Division_Chevy Silverado_Durable and Trusted Digital_BPR_USA_GNM_2016,9321870,Desktop,HTML,Carat Programmatic_Silverado 1500_BT Affinity Landscaping   Male_728 x 90_In-Banner Standard_Desktop_TPS_17_GACBT_1_0_N/A_VAR_SP_Male | Landscaping_N/A_24_P6Z7ZH,Carat Programmatic,Silverado 1500,BT Affinity Landscaping   Male,728 x 90,In-Banner Standard,Desktop,TPS,17,GACBT,1,0,N/A,VAR,SP,Male | Landscaping,N/A,24,P6Z7ZH,126892135,2016_Silverado 1500__CW_LS__Intro_MDLL_H5 Standard_US_ENG_v1_728x90,2016,Silverado 1500,,CW,LS,,Intro,MDLL,H5 Standard,US,ENG,v1,728x90,68226248,728 x 90,5656,1,5,5,0,1,1,0,1,1,0,5656,32,0,0,0
2016-01-01,2016-01-10,CVN/CS/660_Chevrolet Division_Chevy Silverado_Durable and Trusted Digital_BPR_USA_GNM_2016,9321870,Desktop,HTML,Carat Programmatic_Silverado 1500_BT Affinity Landscaping   Male_728 x 90_In-Banner Standard_Desktop_TPS_17_GACBT_1_0_N/A_VAR_SP_Male | Landscaping_N/A_24_P6Z7ZH,Carat Programmatic,Silverado 1500,BT Affinity Landscaping   Male,728 x 90,In-Banner Standard,Desktop,TPS,17,GACBT,1,0,N/A,VAR,SP,Male | Landscaping,N/A,24,P6Z7ZH,126892135,2016_Silverado 1500__CW_LS__Intro_NewFace_H5 Standard_US_ENG_v1_728x90,2016,Silverado 1500,,CW,LS,,Intro,NewFace,H5 Standard,US,ENG,v1,728x90,68224757,728 x 90,5407,3,9,9,0,2,2,0,4,4,0,5407,40,0,0,0
2016-01-01,2016-01-10,CVN/CS/660_Chevrolet Division_Chevy Silverado_Durable and Trusted Digital_BPR_USA_GNM_2016,9321870,Desktop,HTML,Carat Programmatic_Silverado 1500_BT Affinity Outdoors   Male_300 x 250_In-Banner Standard_Desktop_TPS_17_GACBT_1_0_N/A_VAR_SP_Male | Outdoors _N/A_24_P6Z7ZJ,Carat Programmatic,Silverado 1500,BT Affinity Outdoors   Male,300 x 250,In-Banner Standard,Desktop,TPS,17,GACBT,1,0,N/A,VAR,SP,Male | Outdoors,N/A,24,P6Z7ZJ,126889082,2016_Silverado 1500__CW_LS__Intro_HighStrengthSteel_H5 Standard_US_ENG_v1_300x250,2016,Silverado 1500,,CW,LS,,Intro,HighStrengthSteel,H5 Standard,US,ENG,v1,300x250,68221324,300 x 250,5958,0,6,6,0,0,0,0,5,5,0,5958,48,0,0,0
2016-01-01,2016-01-10,CVN/CS/660_Chevrolet Division_Chevy Silverado_Durable and Trusted Digital_BPR_USA_GNM_2016,9321870,Desktop,HTML,Carat Programmatic_Silverado 1500_BT Affinity Outdoors   Male_300 x 250_In-Banner Standard_Desktop_TPS_17_GACBT_1_0_N/A_VAR_SP_Male | Outdoors _N/A_24_P6Z7ZJ,Carat Programmatic,Silverado 1500,BT Affinity Outdoors   Male,300 x 250,In-Banner Standard,Desktop,TPS,17,GACBT,1,0,N/A,VAR,SP,Male | Outdoors,N/A,24,P6Z7ZJ,126889082,2016_Silverado 1500__CW_LS__Intro_MDLL_H5 Standard_US_ENG_v1_300x250,2016,Silverado 1500,,CW,LS,,Intro,MDLL,H5 Standard,US,ENG,v1,300x250,68226636,300 x 250,5891,1,4,2,2,2,1,1,2,1,1,5891,55,0,0,0
2016-01-01,2016-01-10,CVN/CS/660_Chevrolet Division_Chevy Silverado_Durable and Trusted Digital_BPR_USA_GNM_2016,9321870,Desktop,HTML,Carat Programmatic_Silverado 1500_BT Affinity Outdoors   Male_300 x 250_In-Banner Standard_Desktop_TPS_17_GACBT_1_0_N/A_VAR_SP_Male | Outdoors _N/A_24_P6Z7ZJ,Carat Programmatic,Silverado 1500,BT Affinity Outdoors   Male,300 x 250,In-Banner Standard,Desktop,TPS,17,GACBT,1,0,N/A,VAR,SP,Male | Outdoors,N/A,24,P6Z7ZJ,126889082,2016_Silverado 1500__CW_LS__Intro_NewFace_H5 Standard_US_ENG_v1_300x250,2016,Silverado 1500,,CW,LS,,Intro,NewFace,H5 Standard,US,ENG,v1,300x250,68226258,300 x 250,5802,1,17,16,1,5,5,0,4,3,1,5802,66,0,0,0
2016-01-01,2016-01-10,CVN/CS/660_Chevrolet Division_Chevy Silverado_Durable and Trusted Digital_BPR_USA_GNM_2016,9321870,Desktop,HTML,Carat Programmatic_Silverado 1500_BT Affinity Outdoors   Male_300 x 600_In-Banner Standard_Desktop_TPS_17_GACBT_1_0_N/A_VAR_SP_Male | Outdoors _N/A_24_P6Z7ZK,Carat Programmatic,Silverado 1500,BT Affinity Outdoors   Male,300 x 600,In-Banner Standard,Desktop,TPS,17,GACBT,1,0,N/A,VAR,SP,Male | Outdoors,N/A,24,P6Z7ZK,126892479,2016_Silverado 1500__CW_LS__Intro_HighStrengthSteel_H5 Standard_US_ENG_v1_300x600,2016,Silverado 1500,,CW,LS,,Intro,HighStrengthSteel,H5 Standard,US,ENG,v1,300x600,68226228,300 x 600,1804,0,0,0,0,0,0,0,0,0,0,1804,24,0,0,0
2016-01-01,2016-01-10,CVN/CS/660_Chevrolet Division_Chevy Silverado_Durable and Trusted Digital_BPR_USA_GNM_2016,9321870,Desktop,HTML,Carat Programmatic_Silverado 1500_BT Affinity Outdoors   Male_300 x 600_In-Banner Standard_Desktop_TPS_17_GACBT_1_0_N/A_VAR_SP_Male | Outdoors _N/A_24_P6Z7ZK,Carat Programmatic,Silverado 1500,BT Affinity Outdoors   Male,300 x 600,In-Banner Standard,Desktop,TPS,17,GACBT,1,0,N/A,VAR,SP,Male | Outdoors,N/A,24,P6Z7ZK,126892479,2016_Silverado 1500__CW_LS__Intro_MDLL_H5 Standard_US_ENG_v1_300x600,2016,Silverado 1500,,CW,LS,,Intro,MDLL,H5 Standard,US,ENG,v1,300x600,68226444,300 x 600,1852,0,13,13,0,1,1,0,2,2,0,1852,25,0,0,0
2016-01-01,2016-01-10,CVN/CS/660_Chevrolet Division_Chevy Silverado_Durable and Trusted Digital_BPR_USA_GNM_2016,9321870,Desktop,HTML,Carat Programmatic_Silverado 1500_BT Affinity Outdoors   Male_300 x 600_In-Banner Standard_Desktop_TPS_17_GACBT_1_0_N/A_VAR_SP_Male | Outdoors _N/A_24_P6Z7ZK,Carat Programmatic,Silverado 1500,BT Affinity Outdoors   Male,300 x 600,In-Banner Standard,Desktop,TPS,17,GACBT,1,0,N/A,VAR,SP,Male | Outdoors,N/A,24,P6Z7ZK,126892479,2016_Silverado 1500__CW_LS__Intro_NewFace_H5 Standard_US_ENG_v1_300x600,2016,Silverado 1500,,CW,LS,,Intro,NewFace,H5 Standard,US,ENG,v1,300x600,68224755,300 x 600,1778,1,0,0,0,0,0,0,0,0,0,1778,31,0,0,0
2016-01-01,2016-01-10,CVN/CS/660_Chevrolet Division_Chevy Silverado_Durable and Trusted Digital_BPR_USA_GNM_2016,9321870,Desktop,HTML,Carat Programmatic_Silverado 1500_BT Affinity Outdoors   Male_728 x 90_In-Banner Standard_Desktop_TPS_17_GACBT_1_0_N/A_VAR_SP_Male | Outdoors _N/A_24_P6Z7ZL,Carat Programmatic,Silverado 1500,BT Affinity Outdoors   Male,728 x 90,In-Banner Standard,Desktop,TPS,17,GACBT,1,0,N/A,VAR,SP,Male | Outdoors,N/A,24,P6Z7ZL,126889083,2016_Silverado 1500__CW_LS__Intro_HighStrengthSteel_H5 Standard_US_ENG_v1_728x90,2016,Silverado 1500,,CW,LS,,Intro,HighStrengthSteel,H5 Standard,US,ENG,v1,728x90,68226226,728 x 90,7272,1,14,13,1,0,0,0,11,10,1,7272,52,0,0,0
2016-01-01,2016-01-10,CVN/CS/660_Chevrolet Division_Chevy Silverado_Durable and Trusted Digital_BPR_USA_GNM_2016,9321870,Desktop,HTML,Carat Programmatic_Silverado 1500_BT Affinity Outdoors   Male_728 x 90_In-Banner Standard_Desktop_TPS_17_GACBT_1_0_N/A_VAR_SP_Male | Outdoors _N/A_24_P6Z7ZL,Carat Programmatic,Silverado 1500,BT Affinity Outdoors   Male,728 x 90,In-Banner Standard,Desktop,TPS,17,GACBT,1,0,N/A,VAR,SP,Male | Outdoors,N/A,24,P6Z7ZL,126889083,2016_Silverado 1500__CW_LS__Intro_MDLL_H5 Standard_US_ENG_v1_728x90,2016,Silverado 1500,,CW,LS,,Intro,MDLL,H5 Standard,US,ENG,v1,728x90,68226248,728 x 90,7403,0,15,15,0,6,6,0,7,7,0,7403,59,0,0,0
2016-01-01,2016-01-10,CVN/CS/660_Chevrolet Division_Chevy Silverado_Durable and Trusted Digital_BPR_USA_GNM_2016,9321870,Desktop,HTML,Carat Programmatic_Silverado 1500_BT Affinity Outdoors   Male_728 x 90_In-Banner Standard_Desktop_TPS_17_GACBT_1_0_N/A_VAR_SP_Male | Outdoors _N/A_24_P6Z7ZL,Carat Programmatic,Silverado 1500,BT Affinity Outdoors   Male,728 x 90,In-Banner Standard,Desktop,TPS,17,GACBT,1,0,N/A,VAR,SP,Male | Outdoors,N/A,24,P6Z7ZL,126889083,2016_Silverado 1500__CW_LS__Intro_NewFace_H5 Standard_US_ENG_v1_728x90,2016,Silverado 1500,,CW,LS,,Intro,NewFace,H5 Standard,US,ENG,v1,728x90,68224757,728 x 90,7389,1,20,20,0,3,3,0,14,14,0,7389,50,0,0,0
2016-01-01,2016-01-10,CVN/CS/660_Chevrolet Division_Chevy Silverado_Durable and Trusted Digital_BPR_USA_GNM_2016,9321870,Desktop,HTML,Carat Programmatic_Silverado 1500_BT Affinity Sports   Male_300 x 250_In-Banner Standard_Desktop_TPS_17_GACBT_1_0_N/A_VAR_SP_Male | Sports_N/A_24_P6Z7ZM,Carat Programmatic,Silverado 1500,BT Affinity Sports   Male,300 x 250,In-Banner Standard,Desktop,TPS,17,GACBT,1,0,N/A,VAR,SP,Male | Sports,N/A,24,P6Z7ZM,126890064,2016_Silverado 1500__CW_LS__Intro_HighStrengthSteel_H5 Standard_US_ENG_v1_300x250,2016,Silverado 1500,,CW,LS,,Intro,HighStrengthSteel,H5 Standard,US,ENG,v1,300x250,68221324,300 x 250,7840,1,36,36,0,10,10,0,23,23,0,7840,73,0,0,0
2016-01-01,2016-01-10,CVN/CS/660_Chevrolet Division_Chevy Silverado_Durable and Trusted Digital_BPR_USA_GNM_2016,9321870,Desktop,HTML,Carat Programmatic_Silverado 1500_BT Affinity Sports   Male_300 x 250_In-Banner Standard_Desktop_TPS_17_GACBT_1_0_N/A_VAR_SP_Male | Sports_N/A_24_P6Z7ZM,Carat Programmatic,Silverado 1500,BT Affinity Sports   Male,300 x 250,In-Banner Standard,Desktop,TPS,17,GACBT,1,0,N/A,VAR,SP,Male | Sports,N/A,24,P6Z7ZM,126890064,2016_Silverado 1500__CW_LS__Intro_MDLL_H5 Standard_US_ENG_v1_300x250,2016,Silverado 1500,,CW,LS,,Intro,MDLL,H5 Standard,US,ENG,v1,300x250,68226636,300 x 250,7797,0,11,11,0,6,6,0,2,2,0,7797,77,0,0,0
2016-01-01,2016-01-10,CVN/CS/660_Chevrolet Division_Chevy Silverado_Durable and Trusted Digital_BPR_USA_GNM_2016,9321870,Desktop,HTML,Carat Programmatic_Silverado 1500_BT Affinity Sports   Male_300 x 250_In-Banner Standard_Desktop_TPS_17_GACBT_1_0_N/A_VAR_SP_Male | Sports_N/A_24_P6Z7ZM,Carat Programmatic,Silverado 1500,BT Affinity Sports   Male,300 x 250,In-Banner Standard,Desktop,TPS,17,GACBT,1,0,N/A,VAR,SP,Male | Sports,N/A,24,P6Z7ZM,126890064,2016_Silverado 1500__CW_LS__Intro_NewFace_H5 Standard_US_ENG_v1_300x250,2016,Silverado 1500,,CW,LS,,Intro,NewFace,H5 Standard,US,ENG,v1,300x250,68226258,300 x 250,7712,4,25,18,7,10,10,0,13,6,7,7712,69,0,0,0
2016-01-01,2016-01-10,CVN/CS/660_Chevrolet Division_Chevy Silverado_Durable and Trusted Digital_BPR_USA_GNM_2016,9321870,Desktop,HTML,Carat Programmatic_Silverado 1500_BT Affinity Sports   Male_300 x 600_In-Banner Standard_Desktop_TPS_17_GACBT_1_0_N/A_VAR_SP_Male | Sports_N/A_24_P6Z7ZN,Carat Programmatic,Silverado 1500,BT Affinity Sports   Male,300 x 600,In-Banner Standard,Desktop,TPS,17,GACBT,1,0,N/A,VAR,SP,Male | Sports,N/A,24,P6Z7ZN,126892480,2016_Silverado 1500__CW_LS__Intro_HighStrengthSteel_H5 Standard_US_ENG_v1_300x600,2016,Silverado 1500,,CW,LS,,Intro,HighStrengthSteel,H5 Standard,US,ENG,v1,300x600,68226228,300 x 600,2032,0,9,9,0,3,3,0,4,4,0,2032,33,0,0,0
2016-01-01,2016-01-10,CVN/CS/660_Chevrolet Division_Chevy Silverado_Durable and Trusted Digital_BPR_USA_GNM_2016,9321870,Desktop,HTML,Carat Programmatic_Silverado 1500_BT Affinity Sports   Male_300 x 600_In-Banner Standard_Desktop_TPS_17_GACBT_1_0_N/A_VAR_SP_Male | Sports_N/A_24_P6Z7ZN,Carat Programmatic,Silverado 1500,BT Affinity Sports   Male,300 x 600,In-Banner Standard,Desktop,TPS,17,GACBT,1,0,N/A,VAR,SP,Male | Sports,N/A,24,P6Z7ZN,126892480,2016_Silverado 1500__CW_LS__Intro_MDLL_H5 Standard_US_ENG_v1_300x600,2016,Silverado 1500,,CW,LS,,Intro,MDLL,H5 Standard,US,ENG,v1,300x600,68226444,300 x 600,2133,2,2,2,0,0,0,0,2,2,0,2133,24,0,0,0
2016-01-01,2016-01-10,CVN/CS/660_Chevrolet Division_Chevy Silverado_Durable and Trusted Digital_BPR_USA_GNM_2016,9321870,Desktop,HTML,Carat Programmatic_Silverado 1500_BT Affinity Sports   Male_300 x 600_In-Banner Standard_Desktop_TPS_17_GACBT_1_0_N/A_VAR_SP_Male | Sports_N/A_24_P6Z7ZN,Carat Programmatic,Silverado 1500,BT Affinity Sports   Male,300 x 600,In-Banner Standard,Desktop,TPS,17,GACBT,1,0,N/A,VAR,SP,Male | Sports,N/A,24,P6Z7ZN,126892480,2016_Silverado 1500__CW_LS__Intro_NewFace_H5 Standard_US_ENG_v1_300x600,2016,Silverado 1500,,CW,LS,,Intro,NewFace,H5 Standard,US,ENG,v1,300x600,68224755,300 x 600,2109,0,0,0,0,0,0,0,0,0,0,2109,26,0,0,0
2016-01-01,2016-01-10,CVN/CS/660_Chevrolet Division_Chevy Silverado_Durable and Trusted Digital_BPR_USA_GNM_2016,9321870,Desktop,HTML,Carat Programmatic_Silverado 1500_BT Affinity Sports   Male_728 x 90_In-Banner Standard_Desktop_TPS_17_GACBT_1_0_N/A_VAR_SP_Male | Sports_N/A_24_P6Z7ZP,Carat Programmatic,Silverado 1500,BT Affinity Sports   Male,728 x 90,In-Banner Standard,Desktop,TPS,17,GACBT,1,0,N/A,VAR,SP,Male | Sports,N/A,24,P6Z7ZP,126892136,2016_Silverado 1500__CW_LS__Intro_HighStrengthSteel_H5 Standard_US_ENG_v1_728x90,2016,Silverado 1500,,CW,LS,,Intro,HighStrengthSteel,H5 Standard,US,ENG,v1,728x90,68226226,728 x 90,9264,3,10,10,0,1,1,0,6,6,0,9264,67,0,0,0
2016-01-01,2016-01-10,CVN/CS/660_Chevrolet Division_Chevy Silverado_Durable and Trusted Digital_BPR_USA_GNM_2016,9321870,Desktop,HTML,Carat Programmatic_Silverado 1500_BT Affinity Sports   Male_728 x 90_In-Banner Standard_Desktop_TPS_17_GACBT_1_0_N/A_VAR_SP_Male | Sports_N/A_24_P6Z7ZP,Carat Programmatic,Silverado 1500,BT Affinity Sports   Male,728 x 90,In-Banner Standard,Desktop,TPS,17,GACBT,1,0,N/A,VAR,SP,Male | Sports,N/A,24,P6Z7ZP,126892136,2016_Silverado 1500__CW_LS__Intro_MDLL_H5 Standard_US_ENG_v1_728x90,2016,Silverado 1500,,CW,LS,,Intro,MDLL,H5 Standard,US,ENG,v1,728x90,68226248,728 x 90,9693,1,5,5,0,1,1,0,4,4,0,9693,82,0,0,0
2016-01-01,2016-01-10,CVN/CS/660_Chevrolet Division_Chevy Silverado_Durable and Trusted Digital_BPR_USA_GNM_2016,9321870,Desktop,HTML,Carat Programmatic_Silverado 1500_BT Affinity Sports   Male_728 x 90_In-Banner Standard_Desktop_TPS_17_GACBT_1_0_N/A_VAR_SP_Male | Sports_N/A_24_P6Z7ZP,Carat Programmatic,Silverado 1500,BT Affinity Sports   Male,728 x 90,In-Banner Standard,Desktop,TPS,17,GACBT,1,0,N/A,VAR,SP,Male | Sports,N/A,24,P6Z7ZP,126892136,2016_Silverado 1500__CW_LS__Intro_NewFace_H5 Standard_US_ENG_v1_728x90,2016,Silverado 1500,,CW,LS,,Intro,NewFace,H5 Standard,US,ENG,v1,728x90,68224757,728 x 90,9387,1,6,6,0,0,0,0,5,5,0,9387,74,0,0,0
2016-01-01,2016-01-10,CVN/CS/660_Chevrolet Division_Chevy Silverado_Durable and Trusted Digital_BPR_USA_GNM_2016,9321870,Desktop,HTML,Carat Programmatic_Silverado 1500_BT Polk In Market Silverado   Male_300 x 250_In-Banner Standard_Desktop_TPS_17_GACBT_1_0_N/A_VAR_SP_Male | Inmarket Silverado_N/A_24_P6Z7ZX,Carat Programmatic,Silverado 1500,BT Polk In Market Silverado   Male,300 x 250,In-Banner Standard,Desktop,TPS,17,GACBT,1,0,N/A,VAR,SP,Male | Inmarket Silverado,N/A,24,P6Z7ZX,126891260,2016_Silverado 1500__CW_LS__Intro_HighStrengthSteel_H5 Standard_US_ENG_v1_300x250,2016,Silverado 1500,,CW,LS,,Intro,HighStrengthSteel,H5 Standard,US,ENG,v1,300x250,68221324,300 x 250,2662,1,6,6,0,4,4,0,2,2,0,2662,28,0,0,0
2016-01-01,2016-01-10,CVN/CS/660_Chevrolet Division_Chevy Silverado_Durable and Trusted Digital_BPR_USA_GNM_2016,9321870,Desktop,HTML,Carat Programmatic_Silverado 1500_BT Polk In Market Silverado   Male_300 x 250_In-Banner Standard_Desktop_TPS_17_GACBT_1_0_N/A_VAR_SP_Male | Inmarket Silverado_N/A_24_P6Z7ZX,Carat Programmatic,Silverado 1500,BT Polk In Market Silverado   Male,300 x 250,In-Banner Standard,Desktop,TPS,17,GACBT,1,0,N/A,VAR,SP,Male | Inmarket Silverado,N/A,24,P6Z7ZX,126891260,2016_Silverado 1500__CW_LS__Intro_MDLL_H5 Standard_US_ENG_v1_300x250,2016,Silverado 1500,,CW,LS,,Intro,MDLL,H5 Standard,US,ENG,v1,300x250,68226636,300 x 250,2653,0,19,19,0,14,14,0,2,2,0,2653,21,0,0,0
2016-01-01,2016-01-10,CVN/CS/660_Chevrolet Division_Chevy Silverado_Durable and Trusted Digital_BPR_USA_GNM_2016,9321870,Desktop,HTML,Carat Programmatic_Silverado 1500_BT Polk In Market Silverado   Male_300 x 250_In-Banner Standard_Desktop_TPS_17_GACBT_1_0_N/A_VAR_SP_Male | Inmarket Silverado_N/A_24_P6Z7ZX,Carat Programmatic,Silverado 1500,BT Polk In Market Silverado   Male,300 x 250,In-Banner Standard,Desktop,TPS,17,GACBT,1,0,N/A,VAR,SP,Male | Inmarket Silverado,N/A,24,P6Z7ZX,126891260,2016_Silverado 1500__CW_LS__Intro_NewFace_H5 Standard_US_ENG_v1_300x250,2016,Silverado 1500,,CW,LS,,Intro,NewFace,H5 Standard,US,ENG,v1,300x250,68226258,300 x 250,2625,1,4,4,0,0,0,0,4,4,0,2625,26,0,0,0
2016-01-01,2016-01-10,CVN/CS/660_Chevrolet Division_Chevy Silverado_Durable and Trusted Digital_BPR_USA_GNM_2016,9321870,Desktop,HTML,Carat Programmatic_Silverado 1500_BT Polk In Market Silverado   Male_300 x 600_In-Banner Standard_Desktop_TPS_17_GACBT_1_0_N/A_VAR_SP_Male | Inmarket Silverado_N/A_24_P6Z7ZY,Carat Programmatic,Silverado 1500,BT Polk In Market Silverado   Male,300 x 600,In-Banner Standard,Desktop,TPS,17,GACBT,1,0,N/A,VAR,SP,Male | Inmarket Silverado,N/A,24,P6Z7ZY,126883470,2016_Silverado 1500__CW_LS__Intro_HighStrengthSteel_H5 Standard_US_ENG_v1_300x600,2016,Silverado 1500,,CW,LS,,Intro,HighStrengthSteel,H5 Standard,US,ENG,v1,300x600,68226228,300 x 600,660,0,0,0,0,0,0,0,0,0,0,660,12,0,0,0
2016-01-01,2016-01-10,CVN/CS/660_Chevrolet Division_Chevy Silverado_Durable and Trusted Digital_BPR_USA_GNM_2016,9321870,Desktop,HTML,Carat Programmatic_Silverado 1500_BT Polk In Market Silverado   Male_300 x 600_In-Banner Standard_Desktop_TPS_17_GACBT_1_0_N/A_VAR_SP_Male | Inmarket Silverado_N/A_24_P6Z7ZY,Carat Programmatic,Silverado 1500,BT Polk In Market Silverado   Male,300 x 600,In-Banner Standard,Desktop,TPS,17,GACBT,1,0,N/A,VAR,SP,Male | Inmarket Silverado,N/A,24,P6Z7ZY,126883470,2016_Silverado 1500__CW_LS__Intro_MDLL_H5 Standard_US_ENG_v1_300x600,2016,Silverado 1500,,CW,LS,,Intro,MDLL,H5 Standard,US,ENG,v1,300x600,68226444,300 x 600,676,0,0,0,0,0,0,0,0,0,0,676,11,0,0,0
2016-01-01,2016-01-10,CVN/CS/660_Chevrolet Division_Chevy Silverado_Durable and Trusted Digital_BPR_USA_GNM_2016,9321870,Desktop,HTML,Carat Programmatic_Silverado 1500_BT Polk In Market Silverado   Male_300 x 600_In-Banner Standard_Desktop_TPS_17_GACBT_1_0_N/A_VAR_SP_Male | Inmarket Silverado_N/A_24_P6Z7ZY,Carat Programmatic,Silverado 1500,BT Polk In Market Silverado   Male,300 x 600,In-Banner Standard,Desktop,TPS,17,GACBT,1,0,N/A,VAR,SP,Male | Inmarket Silverado,N/A,24,P6Z7ZY,126883470,2016_Silverado 1500__CW_LS__Intro_NewFace_H5 Standard_US_ENG_v1_300x600,2016,Silverado 1500,,CW,LS,,Intro,NewFace,H5 Standard,US,ENG,v1,300x600,68224755,300 x 600,695,0,6,6,0,3,3,0,3,3,0,695,12,0,0,0
2016-01-01,2016-01-10,CVN/CS/660_Chevrolet Division_Chevy Silverado_Durable and Trusted Digital_BPR_USA_GNM_2016,9321870,Desktop,HTML,Carat Programmatic_Silverado 1500_BT Polk In Market Silverado   Male_728 x 90_In-Banner Standard_Desktop_TPS_17_GACBT_1_0_N/A_VAR_SP_Male | Inmarket Silverado_N/A_24_P6Z7ZZ,Carat Programmatic,Silverado 1500,BT Polk In Market Silverado   Male,728 x 90,In-Banner Standard,Desktop,TPS,17,GACBT,1,0,N/A,VAR,SP,Male | Inmarket Silverado,N/A,24,P6Z7ZZ,126889086,2016_Silverado 1500__CW_LS__Intro_HighStrengthSteel_H5 Standard_US_ENG_v1_728x90,2016,Silverado 1500,,CW,LS,,Intro,HighStrengthSteel,H5 Standard,US,ENG,v1,728x90,68226226,728 x 90,3376,0,3,3,0,0,0,0,2,2,0,3376,16,0,0,0
2016-01-01,2016-01-10,CVN/CS/660_Chevrolet Division_Chevy Silverado_Durable and Trusted Digital_BPR_USA_GNM_2016,9321870,Desktop,HTML,Carat Programmatic_Silverado 1500_BT Polk In Market Silverado   Male_728 x 90_In-Banner Standard_Desktop_TPS_17_GACBT_1_0_N/A_VAR_SP_Male | Inmarket Silverado_N/A_24_P6Z7ZZ,Carat Programmatic,Silverado 1500,BT Polk In Market Silverado   Male,728 x 90,In-Banner Standard,Desktop,TPS,17,GACBT,1,0,N/A,VAR,SP,Male | Inmarket Silverado,N/A,24,P6Z7ZZ,126889086,2016_Silverado 1500__CW_LS__Intro_MDLL_H5 Standard_US_ENG_v1_728x90,2016,Silverado 1500,,CW,LS,,Intro,MDLL,H5 Standard,US,ENG,v1,728x90,68226248,728 x 90,3477,1,45,45,0,17,17,0,2,2,0,3477,36,0,0,0
2016-01-01,2016-01-10,CVN/CS/660_Chevrolet Division_Chevy Silverado_Durable and Trusted Digital_BPR_USA_GNM_2016,9321870,Desktop,HTML,Carat Programmatic_Silverado 1500_BT Polk In Market Silverado   Male_728 x 90_In-Banner Standard_Desktop_TPS_17_GACBT_1_0_N/A_VAR_SP_Male | Inmarket Silverado_N/A_24_P6Z7ZZ,Carat Programmatic,Silverado 1500,BT Polk In Market Silverado   Male,728 x 90,In-Banner Standard,Desktop,TPS,17,GACBT,1,0,N/A,VAR,SP,Male | Inmarket Silverado,N/A,24,P6Z7ZZ,126889086,2016_Silverado 1500__CW_LS__Intro_NewFace_H5 Standard_US_ENG_v1_728x90,2016,Silverado 1500,,CW,LS,,Intro,NewFace,H5 Standard,US,ENG,v1,728x90,68224757,728 x 90,3429,0,0,0,0,0,0,0,0,0,0,3429,29,0,0,0
2016-01-01,2016-01-10,CVN/CS/660_Chevrolet Division_Chevy Silverado_Durable and Trusted Digital_BPR_USA_GNM_2016,9321870,Desktop,HTML,Carat Programmatic_Silverado 1500_CT Agriculture   Male_300 x 250_In-Banner Standard_Desktop_TPS_17_GACBT_1_0_N/A_VAR_SP_Male | Agriculture_N/A_24_P6Z7YR,Carat Programmatic,Silverado 1500,CT Agriculture   Male,300 x 250,In-Banner Standard,Desktop,TPS,17,GACBT,1,0,N/A,VAR,SP,Male | Agriculture,N/A,24,P6Z7YR,126887919,2016_Silverado 1500__CW_LS__Intro_HighStrengthSteel_H5 Standard_US_ENG_v1_300x250,2016,Silverado 1500,,CW,LS,,Intro,HighStrengthSteel,H5 Standard,US,ENG,v1,300x250,68221324,300 x 250,4383,2,13,13,0,5,5,0,8,8,0,4383,47,0,0,0
2016-01-01,2016-01-10,CVN/CS/660_Chevrolet Division_Chevy Silverado_Durable and Trusted Digital_BPR_USA_GNM_2016,9321870,Desktop,HTML,Carat Programmatic_Silverado 1500_CT Agriculture   Male_300 x 250_In-Banner Standard_Desktop_TPS_17_GACBT_1_0_N/A_VAR_SP_Male | Agriculture_N/A_24_P6Z7YR,Carat Programmatic,Silverado 1500,CT Agriculture   Male,300 x 250,In-Banner Standard,Desktop,TPS,17,GACBT,1,0,N/A,VAR,SP,Male | Agriculture,N/A,24,P6Z7YR,126887919,2016_Silverado 1500__CW_LS__Intro_MDLL_H5 Standard_US_ENG_v1_300x250,2016,Silverado 1500,,CW,LS,,Intro,MDLL,H5 Standard,US,ENG,v1,300x250,68226636,300 x 250,4299,0,4,4,0,0,0,0,4,4,0,4299,30,0,0,0
2016-01-01,2016-01-10,CVN/CS/660_Chevrolet Division_Chevy Silverado_Durable and Trusted Digital_BPR_USA_GNM_2016,9321870,Desktop,HTML,Carat Programmatic_Silverado 1500_CT Agriculture   Male_300 x 250_In-Banner Standard_Desktop_TPS_17_GACBT_1_0_N/A_VAR_SP_Male | Agriculture_N/A_24_P6Z7YR,Carat Programmatic,Silverado 1500,CT Agriculture   Male,300 x 250,In-Banner Standard,Desktop,TPS,17,GACBT,1,0,N/A,VAR,SP,Male | Agriculture,N/A,24,P6Z7YR,126887919,2016_Silverado 1500__CW_LS__Intro_NewFace_H5 Standard_US_ENG_v1_300x250,2016,Silverado 1500,,CW,LS,,Intro,NewFace,H5 Standard,US,ENG,v1,300x250,68226258,300 x 250,4264,1,1,1,0,0,0,0,0,0,0,4264,46,0,0,0
2016-01-01,2016-01-10,CVN/CS/660_Chevrolet Division_Chevy Silverado_Durable and Trusted Digital_BPR_USA_GNM_2016,9321870,Desktop,HTML,Carat Programmatic_Silverado 1500_CT Agriculture   Male_300 x 600_In-Banner Standard_Desktop_TPS_17_GACBT_1_0_N/A_VAR_SP_Male | Agriculture_N/A_24_P6Z7YS,Carat Programmatic,Silverado 1500,CT Agriculture   Male,300 x 600,In-Banner Standard,Desktop,TPS,17,GACBT,1,0,N/A,VAR,SP,Male | Agriculture,N/A,24,P6Z7YS,126890187,2016_Silverado 1500__CW_LS__Intro_HighStrengthSteel_H5 Standard_US_ENG_v1_300x600,2016,Silverado 1500,,CW,LS,,Intro,HighStrengthSteel,H5 Standard,US,ENG,v1,300x600,68226228,300 x 600,1014,0,0,0,0,0,0,0,0,0,0,1014,21,0,0,0
2016-01-01,2016-01-10,CVN/CS/660_Chevrolet Division_Chevy Silverado_Durable and Trusted Digital_BPR_USA_GNM_2016,9321870,Desktop,HTML,Carat Programmatic_Silverado 1500_CT Agriculture   Male_300 x 600_In-Banner Standard_Desktop_TPS_17_GACBT_1_0_N/A_VAR_SP_Male | Agriculture_N/A_24_P6Z7YS,Carat Programmatic,Silverado 1500,CT Agriculture   Male,300 x 600,In-Banner Standard,Desktop,TPS,17,GACBT,1,0,N/A,VAR,SP,Male | Agriculture,N/A,24,P6Z7YS,126890187,2016_Silverado 1500__CW_LS__Intro_MDLL_H5 Standard_US_ENG_v1_300x600,2016,Silverado 1500,,CW,LS,,Intro,MDLL,H5 Standard,US,ENG,v1,300x600,68226444,300 x 600,1081,0,0,0,0,0,0,0,0,0,0,1081,33,0,0,0
2016-01-01,2016-01-10,CVN/CS/660_Chevrolet Division_Chevy Silverado_Durable and Trusted Digital_BPR_USA_GNM_2016,9321870,Desktop,HTML,Carat Programmatic_Silverado 1500_CT Agriculture   Male_300 x 600_In-Banner Standard_Desktop_TPS_17_GACBT_1_0_N/A_VAR_SP_Male | Agriculture_N/A_24_P6Z7YS,Carat Programmatic,Silverado 1500,CT Agriculture   Male,300 x 600,In-Banner Standard,Desktop,TPS,17,GACBT,1,0,N/A,VAR,SP,Male | Agriculture,N/A,24,P6Z7YS,126890187,2016_Silverado 1500__CW_LS__Intro_NewFace_H5 Standard_US_ENG_v1_300x600,2016,Silverado 1500,,CW,LS,,Intro,NewFace,H5 Standard,US,ENG,v1,300x600,68224755,300 x 600,1012,0,0,0,0,0,0,0,0,0,0,1012,31,0,0,0
2016-01-01,2016-01-10,CVN/CS/660_Chevrolet Division_Chevy Silverado_Durable and Trusted Digital_BPR_USA_GNM_2016,9321870,Desktop,HTML,Carat Programmatic_Silverado 1500_CT Agriculture   Male_728 x 90_In-Banner Standard_Desktop_TPS_17_GACBT_1_0_N/A_VAR_SP_Male | Agriculture_N/A_24_P6Z7YT,Carat Programmatic,Silverado 1500,CT Agriculture   Male,728 x 90,In-Banner Standard,Desktop,TPS,17,GACBT,1,0,N/A,VAR,SP,Male | Agriculture,N/A,24,P6Z7YT,126892134,2016_Silverado 1500__CW_LS__Intro_HighStrengthSteel_H5 Standard_US_ENG_v1_728x90,2016,Silverado 1500,,CW,LS,,Intro,HighStrengthSteel,H5 Standard,US,ENG,v1,728x90,68226226,728 x 90,6046,1,13,13,0,4,4,0,3,3,0,6046,62,0,0,0
2016-01-01,2016-01-10,CVN/CS/660_Chevrolet Division_Chevy Silverado_Durable and Trusted Digital_BPR_USA_GNM_2016,9321870,Desktop,HTML,Carat Programmatic_Silverado 1500_CT Agriculture   Male_728 x 90_In-Banner Standard_Desktop_TPS_17_GACBT_1_0_N/A_VAR_SP_Male | Agriculture_N/A_24_P6Z7YT,Carat Programmatic,Silverado 1500,CT Agriculture   Male,728 x 90,In-Banner Standard,Desktop,TPS,17,GACBT,1,0,N/A,VAR,SP,Male | Agriculture,N/A,24,P6Z7YT,126892134,2016_Silverado 1500__CW_LS__Intro_MDLL_H5 Standard_US_ENG_v1_728x90,2016,Silverado 1500,,CW,LS,,Intro,MDLL,H5 Standard,US,ENG,v1,728x90,68226248,728 x 90,6182,2,8,8,0,0,0,0,0,0,0,6182,72,0,0,0
2016-01-01,2016-01-10,CVN/CS/660_Chevrolet Division_Chevy Silverado_Durable and Trusted Digital_BPR_USA_GNM_2016,9321870,Desktop,HTML,Carat Programmatic_Silverado 1500_CT Agriculture   Male_728 x 90_In-Banner Standard_Desktop_TPS_17_GACBT_1_0_N/A_VAR_SP_Male | Agriculture_N/A_24_P6Z7YT,Carat Programmatic,Silverado 1500,CT Agriculture   Male,728 x 90,In-Banner Standard,Desktop,TPS,17,GACBT,1,0,N/A,VAR,SP,Male | Agriculture,N/A,24,P6Z7YT,126892134,2016_Silverado 1500__CW_LS__Intro_NewFace_H5 Standard_US_ENG_v1_728x90,2016,Silverado 1500,,CW,LS,,Intro,NewFace,H5 Standard,US,ENG,v1,728x90,68224757,728 x 90,6011,3,8,8,0,5,5,0,3,3,0,6011,65,0,0,0
2016-01-01,2016-01-10,CVN/CS/660_Chevrolet Division_Chevy Silverado_Durable and Trusted Digital_BPR_USA_GNM_2016,9321870,Desktop,HTML,Carat Programmatic_Silverado 1500_CT Construction   Male_300 x 250_In-Banner Standard_Desktop_TPS_17_GACBT_1_0_N/A_VAR_SP_Male | Construction_N/A_24_P6Z7Z1,Carat Programmatic,Silverado 1500,CT Construction   Male,300 x 250,In-Banner Standard,Desktop,TPS,17,GACBT,1,0,N/A,VAR,SP,Male | Construction,N/A,24,P6Z7Z1,126886430,2016_Silverado 1500__CW_LS__Intro_HighStrengthSteel_H5 Standard_US_ENG_v1_300x250,2016,Silverado 1500,,CW,LS,,Intro,HighStrengthSteel,H5 Standard,US,ENG,v1,300x250,68221324,300 x 250,7264,5,18,18,0,9,9,0,7,7,0,7264,63,0,0,0
2016-01-01,2016-01-10,CVN/CS/660_Chevrolet Division_Chevy Silverado_Durable and Trusted Digital_BPR_USA_GNM_2016,9321870,Desktop,HTML,Carat Programmatic_Silverado 1500_CT Construction   Male_300 x 250_In-Banner Standard_Desktop_TPS_17_GACBT_1_0_N/A_VAR_SP_Male | Construction_N/A_24_P6Z7Z1,Carat Programmatic,Silverado 1500,CT Construction   Male,300 x 250,In-Banner Standard,Desktop,TPS,17,GACBT,1,0,N/A,VAR,SP,Male | Construction,N/A,24,P6Z7Z1,126886430,2016_Silverado 1500__CW_LS__Intro_MDLL_H5 Standard_US_ENG_v1_300x250,2016,Silverado 1500,,CW,LS,,Intro,MDLL,H5 Standard,US,ENG,v1,300x250,68226636,300 x 250,7281,1,9,9,0,1,1,0,8,8,0,7281,58,0,0,0
2016-01-01,2016-01-10,CVN/CS/660_Chevrolet Division_Chevy Silverado_Durable and Trusted Digital_BPR_USA_GNM_2016,9321870,Desktop,HTML,Carat Programmatic_Silverado 1500_CT Construction   Male_300 x 250_In-Banner Standard_Desktop_TPS_17_GACBT_1_0_N/A_VAR_SP_Male | Construction_N/A_24_P6Z7Z1,Carat Programmatic,Silverado 1500,CT Construction   Male,300 x 250,In-Banner Standard,Desktop,TPS,17,GACBT,1,0,N/A,VAR,SP,Male | Construction,N/A,24,P6Z7Z1,126886430,2016_Silverado 1500__CW_LS__Intro_NewFace_H5 Standard_US_ENG_v1_300x250,2016,Silverado 1500,,CW,LS,,Intro,NewFace,H5 Standard,US,ENG,v1,300x250,68226258,300 x 250,7140,1,8,8,0,2,2,0,1,1,0,7140,65,0,0,0
2016-01-01,2016-01-10,CVN/CS/660_Chevrolet Division_Chevy Silverado_Durable and Trusted Digital_BPR_USA_GNM_2016,9321870,Desktop,HTML,Carat Programmatic_Silverado 1500_CT Construction   Male_300 x 600_In-Banner Standard_Desktop_TPS_17_GACBT_1_0_N/A_VAR_SP_Male | Construction_N/A_24_P6Z7Z2,Carat Programmatic,Silverado 1500,CT Construction   Male,300 x 600,In-Banner Standard,Desktop,TPS,17,GACBT,1,0,N/A,VAR,SP,Male | Construction,N/A,24,P6Z7Z2,126892477,2016_Silverado 1500__CW_LS__Intro_HighStrengthSteel_H5 Standard_US_ENG_v1_300x600,2016,Silverado 1500,,CW,LS,,Intro,HighStrengthSteel,H5 Standard,US,ENG,v1,300x600,68226228,300 x 600,1607,0,5,5,0,5,5,0,0,0,0,1607,35,0,0,0
2016-01-01,2016-01-10,CVN/CS/660_Chevrolet Division_Chevy Silverado_Durable and Trusted Digital_BPR_USA_GNM_2016,9321870,Desktop,HTML,Carat Programmatic_Silverado 1500_CT Construction   Male_300 x 600_In-Banner Standard_Desktop_TPS_17_GACBT_1_0_N/A_VAR_SP_Male | Construction_N/A_24_P6Z7Z2,Carat Programmatic,Silverado 1500,CT Construction   Male,300 x 600,In-Banner Standard,Desktop,TPS,17,GACBT,1,0,N/A,VAR,SP,Male | Construction,N/A,24,P6Z7Z2,126892477,2016_Silverado 1500__CW_LS__Intro_MDLL_H5 Standard_US_ENG_v1_300x600,2016,Silverado 1500,,CW,LS,,Intro,MDLL,H5 Standard,US,ENG,v1,300x600,68226444,300 x 600,1644,2,1,0,1,0,0,0,1,0,1,1644,33,0,0,0
2016-01-01,2016-01-10,CVN/CS/660_Chevrolet Division_Chevy Silverado_Durable and Trusted Digital_BPR_USA_GNM_2016,9321870,Desktop,HTML,Carat Programmatic_Silverado 1500_CT Construction   Male_300 x 600_In-Banner Standard_Desktop_TPS_17_GACBT_1_0_N/A_VAR_SP_Male | Construction_N/A_24_P6Z7Z2,Carat Programmatic,Silverado 1500,CT Construction   Male,300 x 600,In-Banner Standard,Desktop,TPS,17,GACBT,1,0,N/A,VAR,SP,Male | Construction,N/A,24,P6Z7Z2,126892477,2016_Silverado 1500__CW_LS__Intro_NewFace_H5 Standard_US_ENG_v1_300x600,2016,Silverado 1500,,CW,LS,,Intro,NewFace,H5 Standard,US,ENG,v1,300x600,68224755,300 x 600,1694,0,5,5,0,0,0,0,5,5,0,1694,25,0,0,0
2016-01-01,2016-01-10,CVN/CS/660_Chevrolet Division_Chevy Silverado_Durable and Trusted Digital_BPR_USA_GNM_2016,9321870,Desktop,HTML,Carat Programmatic_Silverado 1500_CT Construction   Male_728 x 90_In-Banner Standard_Desktop_TPS_17_GACBT_1_0_N/A_VAR_SP_Male | Construction_N/A_24_P6Z7Z3,Carat Programmatic,Silverado 1500,CT Construction   Male,728 x 90,In-Banner Standard,Desktop,TPS,17,GACBT,1,0,N/A,VAR,SP,Male | Construction,N/A,24,P6Z7Z3,126889079,2016_Silverado 1500__CW_LS__Intro_HighStrengthSteel_H5 Standard_US_ENG_v1_728x90,2016,Silverado 1500,,CW,LS,,Intro,HighStrengthSteel,H5 Standard,US,ENG,v1,728x90,68226226,728 x 90,0,0,0,0,0,0,0,0,0,0,0,0,1,0,0,0
2016-01-01,2016-01-10,CVN/CS/660_Chevrolet Division_Chevy Silverado_Durable and Trusted Digital_BPR_USA_GNM_2016,9321870,Desktop,HTML,Carat Programmatic_Silverado 1500_CT Construction   Male_728 x 90_In-Banner Standard_Desktop_TPS_17_GACBT_1_0_N/A_VAR_SP_Male | Construction_N/A_24_P6Z7Z3,Carat Programmatic,Silverado 1500,CT Construction   Male,728 x 90,In-Banner Standard,Desktop,TPS,17,GACBT,1,0,N/A,VAR,SP,Male | Construction,N/A,24,P6Z7Z3,126889079,2016_Silverado 1500__CW_LS__Intro_MDLL_H5 Standard_US_ENG_v1_728x90,2016,Silverado 1500,,CW,LS,,Intro,MDLL,H5 Standard,US,ENG,v1,728x90,68226248,728 x 90,0,0,0,0,0,0,0,0,0,0,0,0,1,0,0,0
2016-01-01,2016-01-10,CVN/CS/660_Chevrolet Division_Chevy Silverado_Durable and Trusted Digital_BPR_USA_GNM_2016,9321870,Desktop,HTML,Carat Programmatic_Silverado 1500_CT Construction   Male_728 x 90_In-Banner Standard_Desktop_TPS_17_GACBT_1_0_N/A_VAR_SP_Male | Construction_N/A_24_P6Z7Z3,Carat Programmatic,Silverado 1500,CT Construction   Male,728 x 90,In-Banner Standard,Desktop,TPS,17,GACBT,1,0,N/A,VAR,SP,Male | Construction,N/A,24,P6Z7Z3,126889079,2016_Silverado 1500__CW_LS__Intro_NewFace_H5 Standard_US_ENG_v1_728x90,2016,Silverado 1500,,CW,LS,,Intro,NewFace,H5 Standard,US,ENG,v1,728x90,68224757,728 x 90,0,0,0,0,0,0,0,0,0,0,0,0,1,0,0,0
2016-01-01,2016-01-10,CVN/CS/660_Chevrolet Division_Chevy Silverado_Durable and Trusted Digital_BPR_USA_GNM_2016,9321870,Desktop,HTML,Carat Programmatic_Silverado 1500_CT Engineering   Male_300 x 250_In-Banner Standard_Desktop_TPS_17_GACBT_1_0_N/A_VAR_SP_Male | Enginereering_N/A_24_P6Z7YY,Carat Programmatic,Silverado 1500,CT Engineering   Male,300 x 250,In-Banner Standard,Desktop,TPS,17,GACBT,1,0,N/A,VAR,SP,Male | Enginereering,N/A,24,P6Z7YY,126892746,2016_Silverado 1500__CW_LS__Intro_HighStrengthSteel_H5 Standard_US_ENG_v1_300x250,2016,Silverado 1500,,CW,LS,,Intro,HighStrengthSteel,H5 Standard,US,ENG,v1,300x250,68221324,300 x 250,3281,1,2,1,1,0,0,0,2,1,1,3281,32,0,0,0
2016-01-01,2016-01-10,CVN/CS/660_Chevrolet Division_Chevy Silverado_Durable and Trusted Digital_BPR_USA_GNM_2016,9321870,Desktop,HTML,Carat Programmatic_Silverado 1500_CT Engineering   Male_300 x 250_In-Banner Standard_Desktop_TPS_17_GACBT_1_0_N/A_VAR_SP_Male | Enginereering_N/A_24_P6Z7YY,Carat Programmatic,Silverado 1500,CT Engineering   Male,300 x 250,In-Banner Standard,Desktop,TPS,17,GACBT,1,0,N/A,VAR,SP,Male | Enginereering,N/A,24,P6Z7YY,126892746,2016_Silverado 1500__CW_LS__Intro_MDLL_H5 Standard_US_ENG_v1_300x250,2016,Silverado 1500,,CW,LS,,Intro,MDLL,H5 Standard,US,ENG,v1,300x250,68226636,300 x 250,3300,0,0,0,0,0,0,0,0,0,0,3300,22,0,0,0
2016-01-01,2016-01-10,CVN/CS/660_Chevrolet Division_Chevy Silverado_Durable and Trusted Digital_BPR_USA_GNM_2016,9321870,Desktop,HTML,Carat Programmatic_Silverado 1500_CT Engineering   Male_300 x 250_In-Banner Standard_Desktop_TPS_17_GACBT_1_0_N/A_VAR_SP_Male | Enginereering_N/A_24_P6Z7YY,Carat Programmatic,Silverado 1500,CT Engineering   Male,300 x 250,In-Banner Standard,Desktop,TPS,17,GACBT,1,0,N/A,VAR,SP,Male | Enginereering,N/A,24,P6Z7YY,126892746,2016_Silverado 1500__CW_LS__Intro_NewFace_H5 Standard_US_ENG_v1_300x250,2016,Silverado 1500,,CW,LS,,Intro,NewFace,H5 Standard,US,ENG,v1,300x250,68226258,300 x 250,3207,1,3,2,1,0,0,0,1,0,1,3207,28,0,0,0
2016-01-01,2016-01-10,CVN/CS/660_Chevrolet Division_Chevy Silverado_Durable and Trusted Digital_BPR_USA_GNM_2016,9321870,Desktop,HTML,Carat Programmatic_Silverado 1500_CT Engineering   Male_300 x 600_In-Banner Standard_Desktop_TPS_17_GACBT_1_0_N/A_VAR_SP_Male | Enginereering_N/A_24_P6Z7YZ,Carat Programmatic,Silverado 1500,CT Engineering   Male,300 x 600,In-Banner Standard,Desktop,TPS,17,GACBT,1,0,N/A,VAR,SP,Male | Enginereering,N/A,24,P6Z7YZ,126892937,2016_Silverado 1500__CW_LS__Intro_HighStrengthSteel_H5 Standard_US_ENG_v1_300x600,2016,Silverado 1500,,CW,LS,,Intro,HighStrengthSteel,H5 Standard,US,ENG,v1,300x600,68226228,300 x 600,744,0,0,0,0,0,0,0,0,0,0,744,16,0,0,0
2016-01-01,2016-01-10,CVN/CS/660_Chevrolet Division_Chevy Silverado_Durable and Trusted Digital_BPR_USA_GNM_2016,9321870,Desktop,HTML,Carat Programmatic_Silverado 1500_CT Engineering   Male_300 x 600_In-Banner Standard_Desktop_TPS_17_GACBT_1_0_N/A_VAR_SP_Male | Enginereering_N/A_24_P6Z7YZ,Carat Programmatic,Silverado 1500,CT Engineering   Male,300 x 600,In-Banner Standard,Desktop,TPS,17,GACBT,1,0,N/A,VAR,SP,Male | Enginereering,N/A,24,P6Z7YZ,126892937,2016_Silverado 1500__CW_LS__Intro_MDLL_H5 Standard_US_ENG_v1_300x600,2016,Silverado 1500,,CW,LS,,Intro,MDLL,H5 Standard,US,ENG,v1,300x600,68226444,300 x 600,736,1,0,0,0,0,0,0,0,0,0,736,13,0,0,0
2016-01-01,2016-01-10,CVN/CS/660_Chevrolet Division_Chevy Silverado_Durable and Trusted Digital_BPR_USA_GNM_2016,9321870,Desktop,HTML,Carat Programmatic_Silverado 1500_CT Engineering   Male_300 x 600_In-Banner Standard_Desktop_TPS_17_GACBT_1_0_N/A_VAR_SP_Male | Enginereering_N/A_24_P6Z7YZ,Carat Programmatic,Silverado 1500,CT Engineering   Male,300 x 600,In-Banner Standard,Desktop,TPS,17,GACBT,1,0,N/A,VAR,SP,Male | Enginereering,N/A,24,P6Z7YZ,126892937,2016_Silverado 1500__CW_LS__Intro_NewFace_H5 Standard_US_ENG_v1_300x600,2016,Silverado 1500,,CW,LS,,Intro,NewFace,H5 Standard,US,ENG,v1,300x600,68224755,300 x 600,698,0,0,0,0,0,0,0,0,0,0,698,16,0,0,0
2016-01-01,2016-01-10,CVN/CS/660_Chevrolet Division_Chevy Silverado_Durable and Trusted Digital_BPR_USA_GNM_2016,9321870,Desktop,HTML,Carat Programmatic_Silverado 1500_CT Engineering   Male_728 x 90_In-Banner Standard_Desktop_TPS_17_GACBT_1_0_N/A_VAR_SP_Male | Enginereering_N/A_24_P6Z7Z0,Carat Programmatic,Silverado 1500,CT Engineering   Male,728 x 90,In-Banner Standard,Desktop,TPS,17,GACBT,1,0,N/A,VAR,SP,Male | Enginereering,N/A,24,P6Z7Z0,126883466,2016_Silverado 1500__CW_LS__Intro_HighStrengthSteel_H5 Standard_US_ENG_v1_728x90,2016,Silverado 1500,,CW,LS,,Intro,HighStrengthSteel,H5 Standard,US,ENG,v1,728x90,68226226,728 x 90,3174,0,0,0,0,0,0,0,0,0,0,3174,28,0,0,0
2016-01-01,2016-01-10,CVN/CS/660_Chevrolet Division_Chevy Silverado_Durable and Trusted Digital_BPR_USA_GNM_2016,9321870,Desktop,HTML,Carat Programmatic_Silverado 1500_CT Engineering   Male_728 x 90_In-Banner Standard_Desktop_TPS_17_GACBT_1_0_N/A_VAR_SP_Male | Enginereering_N/A_24_P6Z7Z0,Carat Programmatic,Silverado 1500,CT Engineering   Male,728 x 90,In-Banner Standard,Desktop,TPS,17,GACBT,1,0,N/A,VAR,SP,Male | Enginereering,N/A,24,P6Z7Z0,126883466,2016_Silverado 1500__CW_LS__Intro_MDLL_H5 Standard_US_ENG_v1_728x90,2016,Silverado 1500,,CW,LS,,Intro,MDLL,H5 Standard,US,ENG,v1,728x90,68226248,728 x 90,3350,0,1,1,0,0,0,0,1,1,0,3350,33,0,0,0
2016-01-01,2016-01-10,CVN/CS/660_Chevrolet Division_Chevy Silverado_Durable and Trusted Digital_BPR_USA_GNM_2016,9321870,Desktop,HTML,Carat Programmatic_Silverado 1500_CT Engineering   Male_728 x 90_In-Banner Standard_Desktop_TPS_17_GACBT_1_0_N/A_VAR_SP_Male | Enginereering_N/A_24_P6Z7Z0,Carat Programmatic,Silverado 1500,CT Engineering   Male,728 x 90,In-Banner Standard,Desktop,TPS,17,GACBT,1,0,N/A,VAR,SP,Male | Enginereering,N/A,24,P6Z7Z0,126883466,2016_Silverado 1500__CW_LS__Intro_NewFace_H5 Standard_US_ENG_v1_728x90,2016,Silverado 1500,,CW,LS,,Intro,NewFace,H5 Standard,US,ENG,v1,728x90,68224757,728 x 90,3208,1,0,0,0,0,0,0,0,0,0,3208,28,0,0,0
2016-01-01,2016-01-10,CVN/CS/660_Chevrolet Division_Chevy Silverado_Durable and Trusted Digital_BPR_USA_GNM_2016,9321870,Desktop,HTML,Carat Programmatic_Silverado 1500_CT Landscaping   Male_300 x 250_In-Banner Standard_Desktop_TPS_17_GACBT_1_0_N/A_VAR_SP_Male | Landscaping_N/A_24_P6Z7YV,Carat Programmatic,Silverado 1500,CT Landscaping   Male,300 x 250,In-Banner Standard,Desktop,TPS,17,GACBT,1,0,N/A,VAR,SP,Male | Landscaping,N/A,24,P6Z7YV,126887703,2016_Silverado 1500__CW_LS__Intro_HighStrengthSteel_H5 Standard_US_ENG_v1_300x250,2016,Silverado 1500,,CW,LS,,Intro,HighStrengthSteel,H5 Standard,US,ENG,v1,300x250,68221324,300 x 250,4776,0,5,5,0,2,2,0,3,3,0,4776,60,0,0,0
2016-01-01,2016-01-10,CVN/CS/660_Chevrolet Division_Chevy Silverado_Durable and Trusted Digital_BPR_USA_GNM_2016,9321870,Desktop,HTML,Carat Programmatic_Silverado 1500_CT Landscaping   Male_300 x 250_In-Banner Standard_Desktop_TPS_17_GACBT_1_0_N/A_VAR_SP_Male | Landscaping_N/A_24_P6Z7YV,Carat Programmatic,Silverado 1500,CT Landscaping   Male,300 x 250,In-Banner Standard,Desktop,TPS,17,GACBT,1,0,N/A,VAR,SP,Male | Landscaping,N/A,24,P6Z7YV,126887703,2016_Silverado 1500__CW_LS__Intro_MDLL_H5 Standard_US_ENG_v1_300x250,2016,Silverado 1500,,CW,LS,,Intro,MDLL,H5 Standard,US,ENG,v1,300x250,68226636,300 x 250,4746,1,6,6,0,2,2,0,3,3,0,4746,56,0,0,0
2016-01-01,2016-01-10,CVN/CS/660_Chevrolet Division_Chevy Silverado_Durable and Trusted Digital_BPR_USA_GNM_2016,9321870,Desktop,HTML,Carat Programmatic_Silverado 1500_CT Landscaping   Male_300 x 250_In-Banner Standard_Desktop_TPS_17_GACBT_1_0_N/A_VAR_SP_Male | Landscaping_N/A_24_P6Z7YV,Carat Programmatic,Silverado 1500,CT Landscaping   Male,300 x 250,In-Banner Standard,Desktop,TPS,17,GACBT,1,0,N/A,VAR,SP,Male | Landscaping,N/A,24,P6Z7YV,126887703,2016_Silverado 1500__CW_LS__Intro_NewFace_H5 Standard_US_ENG_v1_300x250,2016,Silverado 1500,,CW,LS,,Intro,NewFace,H5 Standard,US,ENG,v1,300x250,68226258,300 x 250,4742,3,7,1,6,5,0,5,1,0,1,4742,47,0,0,0
2016-01-01,2016-01-10,CVN/CS/660_Chevrolet Division_Chevy Silverado_Durable and Trusted Digital_BPR_USA_GNM_2016,9321870,Desktop,HTML,Carat Programmatic_Silverado 1500_CT Landscaping   Male_300 x 600_In-Banner Standard_Desktop_TPS_17_GACBT_1_0_N/A_VAR_SP_Male | Landscaping_N/A_24_P6Z7YW,Carat Programmatic,Silverado 1500,CT Landscaping   Male,300 x 600,In-Banner Standard,Desktop,TPS,17,GACBT,1,0,N/A,VAR,SP,Male | Landscaping,N/A,24,P6Z7YW,126892936,2016_Silverado 1500__CW_LS__Intro_HighStrengthSteel_H5 Standard_US_ENG_v1_300x600,2016,Silverado 1500,,CW,LS,,Intro,HighStrengthSteel,H5 Standard,US,ENG,v1,300x600,68226228,300 x 600,3226,2,10,10,0,1,1,0,7,7,0,3226,41,0,0,0
2016-01-01,2016-01-10,CVN/CS/660_Chevrolet Division_Chevy Silverado_Durable and Trusted Digital_BPR_USA_GNM_2016,9321870,Desktop,HTML,Carat Programmatic_Silverado 1500_CT Landscaping   Male_300 x 600_In-Banner Standard_Desktop_TPS_17_GACBT_1_0_N/A_VAR_SP_Male | Landscaping_N/A_24_P6Z7YW,Carat Programmatic,Silverado 1500,CT Landscaping   Male,300 x 600,In-Banner Standard,Desktop,TPS,17,GACBT,1,0,N/A,VAR,SP,Male | Landscaping,N/A,24,P6Z7YW,126892936,2016_Silverado 1500__CW_LS__Intro_MDLL_H5 Standard_US_ENG_v1_300x600,2016,Silverado 1500,,CW,LS,,Intro,MDLL,H5 Standard,US,ENG,v1,300x600,68226444,300 x 600,3315,1,11,11,0,4,4,0,7,7,0,3315,52,0,0,0
2016-01-01,2016-01-10,CVN/CS/660_Chevrolet Division_Chevy Silverado_Durable and Trusted Digital_BPR_USA_GNM_2016,9321870,Desktop,HTML,Carat Programmatic_Silverado 1500_CT Landscaping   Male_300 x 600_In-Banner Standard_Desktop_TPS_17_GACBT_1_0_N/A_VAR_SP_Male | Landscaping_N/A_24_P6Z7YW,Carat Programmatic,Silverado 1500,CT Landscaping   Male,300 x 600,In-Banner Standard,Desktop,TPS,17,GACBT,1,0,N/A,VAR,SP,Male | Landscaping,N/A,24,P6Z7YW,126892936,2016_Silverado 1500__CW_LS__Intro_NewFace_H5 Standard_US_ENG_v1_300x600,2016,Silverado 1500,,CW,LS,,Intro,NewFace,H5 Standard,US,ENG,v1,300x600,68224755,300 x 600,3174,1,0,0,0,0,0,0,0,0,0,3174,59,0,0,0
2016-01-01,2016-01-10,CVN/CS/660_Chevrolet Division_Chevy Silverado_Durable and Trusted Digital_BPR_USA_GNM_2016,9321870,Desktop,HTML,Carat Programmatic_Silverado 1500_CT Landscaping   Male_728 x 90_In-Banner Standard_Desktop_TPS_17_GACBT_1_0_N/A_VAR_SP_Male | Landscaping_N/A_24_P6Z7YX,Carat Programmatic,Silverado 1500,CT Landscaping   Male,728 x 90,In-Banner Standard,Desktop,TPS,17,GACBT,1,0,N/A,VAR,SP,Male | Landscaping,N/A,24,P6Z7YX,126892476,2016_Silverado 1500__CW_LS__Intro_HighStrengthSteel_H5 Standard_US_ENG_v1_728x90,2016,Silverado 1500,,CW,LS,,Intro,HighStrengthSteel,H5 Standard,US,ENG,v1,728x90,68226226,728 x 90,5477,0,5,5,0,0,0,0,3,3,0,5477,41,0,0,0
2016-01-01,2016-01-10,CVN/CS/660_Chevrolet Division_Chevy Silverado_Durable and Trusted Digital_BPR_USA_GNM_2016,9321870,Desktop,HTML,Carat Programmatic_Silverado 1500_CT Landscaping   Male_728 x 90_In-Banner Standard_Desktop_TPS_17_GACBT_1_0_N/A_VAR_SP_Male | Landscaping_N/A_24_P6Z7YX,Carat Programmatic,Silverado 1500,CT Landscaping   Male,728 x 90,In-Banner Standard,Desktop,TPS,17,GACBT,1,0,N/A,VAR,SP,Male | Landscaping,N/A,24,P6Z7YX,126892476,2016_Silverado 1500__CW_LS__Intro_MDLL_H5 Standard_US_ENG_v1_728x90,2016,Silverado 1500,,CW,LS,,Intro,MDLL,H5 Standard,US,ENG,v1,728x90,68226248,728 x 90,5711,0,5,5,0,0,0,0,4,4,0,5711,40,0,0,0
2016-01-01,2016-01-10,CVN/CS/660_Chevrolet Division_Chevy Silverado_Durable and Trusted Digital_BPR_USA_GNM_2016,9321870,Desktop,HTML,Carat Programmatic_Silverado 1500_CT Landscaping   Male_728 x 90_In-Banner Standard_Desktop_TPS_17_GACBT_1_0_N/A_VAR_SP_Male | Landscaping_N/A_24_P6Z7YX,Carat Programmatic,Silverado 1500,CT Landscaping   Male,728 x 90,In-Banner Standard,Desktop,TPS,17,GACBT,1,0,N/A,VAR,SP,Male | Landscaping,N/A,24,P6Z7YX,126892476,2016_Silverado 1500__CW_LS__Intro_NewFace_H5 Standard_US_ENG_v1_728x90,2016,Silverado 1500,,CW,LS,,Intro,NewFace,H5 Standard,US,ENG,v1,728x90,68224757,728 x 90,5489,2,10,9,1,5,5,0,5,4,1,5489,44,0,0,0
2016-01-01,2016-01-10,CVN/CS/660_Chevrolet Division_Chevy Silverado_Durable and Trusted Digital_BPR_USA_GNM_2016,9321870,Desktop,HTML,Carat Programmatic_Silverado 1500_CT Outdoors and Lesisure   Male_300 x 250_In-Banner Standard_Desktop_TPS_17_GACBT_1_0_N/A_VAR_SP_Male | Outdoors and Leisure_N/A_24_P6Z7Z4,Carat Programmatic,Silverado 1500,CT Outdoors and Lesisure   Male,300 x 250,In-Banner Standard,Desktop,TPS,17,GACBT,1,0,N/A,VAR,SP,Male | Outdoors and Leisure,N/A,24,P6Z7Z4,126883467,2016_Silverado 1500__CW_LS__Intro_HighStrengthSteel_H5 Standard_US_ENG_v1_300x250,2016,Silverado 1500,,CW,LS,,Intro,HighStrengthSteel,H5 Standard,US,ENG,v1,300x250,68221324,300 x 250,3294,1,2,2,0,0,0,0,1,1,0,3294,22,0,0,0
2016-01-01,2016-01-10,CVN/CS/660_Chevrolet Division_Chevy Silverado_Durable and Trusted Digital_BPR_USA_GNM_2016,9321870,Desktop,HTML,Carat Programmatic_Silverado 1500_CT Outdoors and Lesisure   Male_300 x 250_In-Banner Standard_Desktop_TPS_17_GACBT_1_0_N/A_VAR_SP_Male | Outdoors and Leisure_N/A_24_P6Z7Z4,Carat Programmatic,Silverado 1500,CT Outdoors and Lesisure   Male,300 x 250,In-Banner Standard,Desktop,TPS,17,GACBT,1,0,N/A,VAR,SP,Male | Outdoors and Leisure,N/A,24,P6Z7Z4,126883467,2016_Silverado 1500__CW_LS__Intro_MDLL_H5 Standard_US_ENG_v1_300x250,2016,Silverado 1500,,CW,LS,,Intro,MDLL,H5 Standard,US,ENG,v1,300x250,68226636,300 x 250,3314,0,0,0,0,0,0,0,0,0,0,3314,21,0,0,0
2016-01-01,2016-01-10,CVN/CS/660_Chevrolet Division_Chevy Silverado_Durable and Trusted Digital_BPR_USA_GNM_2016,9321870,Desktop,HTML,Carat Programmatic_Silverado 1500_CT Outdoors and Lesisure   Male_300 x 250_In-Banner Standard_Desktop_TPS_17_GACBT_1_0_N/A_VAR_SP_Male | Outdoors and Leisure_N/A_24_P6Z7Z4,Carat Programmatic,Silverado 1500,CT Outdoors and Lesisure   Male,300 x 250,In-Banner Standard,Desktop,TPS,17,GACBT,1,0,N/A,VAR,SP,Male | Outdoors and Leisure,N/A,24,P6Z7Z4,126883467,2016_Silverado 1500__CW_LS__Intro_NewFace_H5 Standard_US_ENG_v1_300x250,2016,Silverado 1500,,CW,LS,,Intro,NewFace,H5 Standard,US,ENG,v1,300x250,68226258,300 x 250,3223,0,5,5,0,4,4,0,1,1,0,3223,23,0,0,0
